Title,Title (alphabetical),Age,Gender,Party/group,Peerage type,Eligible,Eligibility status,Start date,Length of service (years)
Lord Aberdare,"Aberdare, L.",77,Male,Crossbench,Excepted hereditary,Current member,True,2009-07-20 00:00:00,14
Baroness Adams of Craigielea,"Adams of Craigielea, B.",76,Female,Labour,Life peer,Current member,True,2005-06-28 00:00:00,19
Lord Addington,"Addington, L.",60,Male,Liberal Democrat,Excepted hereditary,Current member,True,1986-06-17 00:00:00,38
Lord Adebowale,"Adebowale, L.",61,Male,Crossbench,Life peer,Current member,True,2001-06-30 00:00:00,23
Lord Adonis,"Adonis, L.",61,Male,Labour,Life peer,Current member,True,2005-05-16 00:00:00,19
Lord Agnew of Oulton,"Agnew of Oulton, L.",63,Male,Conservative,Life peer,Current member,True,2017-10-19 00:00:00,6
Lord Ahmad of Wimbledon,"Ahmad of Wimbledon, L.",56,Male,Conservative,Life peer,Current member,True,2011-01-13 00:00:00,13
Lord Alderdice,"Alderdice, L.",69,Male,Liberal Democrat,Life peer,Current member,True,1996-10-08 00:00:00,27
Lord Allan of Hallam,"Allan of Hallam, L.",58,Male,Liberal Democrat,Life peer,Current member,True,2010-07-22 00:00:00,13
Lord Allen of Kensington,"Allen of Kensington, L.",67,Male,Labour,Life peer,Current member,True,2013-10-02 00:00:00,10
Lord Alli,"Alli, L.",59,Male,Labour,Life peer,Current member,True,1998-07-18 00:00:00,25
Lord Alliance,"Alliance, L.",92,Male,Liberal Democrat,Life peer,Current member,True,2004-07-01 00:00:00,20
Baroness Altmann,"Altmann, B.",68,Female,Conservative,Life peer,Current member,True,2015-05-19 00:00:00,9
Lord Alton of Liverpool,"Alton of Liverpool, L.",73,Male,Crossbench,Life peer,Current member,True,1997-06-12 00:00:00,27
Lord Altrincham,"Altrincham, L.",58,Male,Conservative,Excepted hereditary,Current member,True,2021-06-23 00:00:00,3
Baroness Amos,"Amos, B.",70,Female,Labour,Life peer,Current member,True,1997-09-24 00:00:00,26
Lord Anderson of Ipswich,"Anderson of Ipswich, L.",63,Male,Crossbench,Life peer,Current member,True,2018-07-10 00:00:00,6
Baroness Anderson of Stoke-on-Trent,"Anderson of Stoke-on-Trent, B.",45,Female,Labour,Life peer,Current member,True,2022-11-18 00:00:00,1
Lord Anderson of Swansea,"Anderson of Swansea, L.",85,Male,Labour,Life peer,Current member,True,2005-06-28 00:00:00,19
Baroness Andrews,"Andrews, B.",81,Female,Labour,Life peer,Current member,True,2000-05-09 00:00:00,24
Baroness Anelay of St Johns,"Anelay of St Johns, B.",76,Female,Conservative,Life peer,Current member,True,1996-10-14 00:00:00,27
Lord Arbuthnot of Edrom,"Arbuthnot of Edrom, L.",71,Male,Conservative,Life peer,Current member,True,2015-10-01 00:00:00,8
Baroness Armstrong of Hill Top,"Armstrong of Hill Top, B.",78,Female,Labour,Life peer,Current member,True,2010-06-18 00:00:00,14
The Earl of Arran,"Arran, E.",85,Male,Conservative,Excepted hereditary,Current member,True,1983-04-25 00:00:00,41
Lord Ashcombe,"Ashcombe, L.",60,Male,Conservative,Excepted hereditary,Current member,True,2022-10-28 00:00:00,1
Lord Ashton of Hyde,"Ashton of Hyde, L.",65,Male,Non-affiliated,Excepted hereditary,Current member,True,2011-07-25 00:00:00,12
Baroness Ashton of Upholland,"Ashton of Upholland, B.",68,Female,Labour,Life peer,Current member,True,1999-08-02 00:00:00,24
Viscount Astor,"Astor, V.",72,Male,Conservative,Excepted hereditary,Current member,True,1973-07-04 00:00:00,51
Earl Attlee,"Attlee, E.",67,Male,Conservative,Excepted hereditary,Current member,True,1992-03-02 00:00:00,32
Lord Austin of Dudley,"Austin of Dudley, L.",59,Male,Non-affiliated,Life peer,Current member,True,2020-09-02 00:00:00,3
Lord Bach,"Bach, L.",77,Male,Labour,Life peer,Current member,True,1998-07-27 00:00:00,25
Lord Bailey of Paddington,"Bailey of Paddington, L.",53,Male,Conservative,Life peer,Current member,True,2023-07-10 00:00:00,1
Lord Baker of Dorking,"Baker of Dorking, L.",89,Male,Conservative,Life peer,Current member,True,1997-06-16 00:00:00,27
Baroness Bakewell of Hardington Mandeville,"Bakewell of Hardington Mandeville, B.",75,Female,Liberal Democrat,Life peer,Current member,True,2013-09-09 00:00:00,10
Baroness Bakewell,"Bakewell, B.",91,Female,Labour,Life peer,Current member,True,2011-01-21 00:00:00,13
Lord Balfe,"Balfe, L.",80,Male,Conservative,Life peer,Current member,True,2013-09-19 00:00:00,10
Lord Banner,"Banner, L.",44,Male,Conservative,Life peer,Current member,True,2024-03-06 00:00:00,0
Lord Barker of Battle,"Barker of Battle, L.",58,Male,Conservative,Life peer,Leave of absence,False,2015-10-12 00:00:00,8
Baroness Barker,"Barker, B.",63,Female,Liberal Democrat,Life peer,Current member,True,1999-07-31 00:00:00,24
Baroness Barran,"Barran, B.",65,Female,Conservative,Life peer,Current member,True,2018-06-21 00:00:00,6
Lord Barwell,"Barwell, L.",52,Male,Conservative,Life peer,Leave of absence,False,2019-10-07 00:00:00,4
Lord Bassam of Brighton,"Bassam of Brighton, L.",71,Male,Labour,Life peer,Current member,True,1997-11-03 00:00:00,26
Lord Bates,"Bates, L.",63,Male,Conservative,Life peer,Leave of absence,False,2008-06-30 00:00:00,16
Lord Beith,"Beith, L.",81,Male,Liberal Democrat,Life peer,Current member,True,2015-10-19 00:00:00,8
Lord Bellamy,"Bellamy, L.",78,Male,Conservative,Life peer,Current member,True,2022-06-14 00:00:00,2
Lord Bellingham,"Bellingham, L.",69,Male,Conservative,Life peer,Current member,True,2020-11-05 00:00:00,3
Baroness Benjamin,"Benjamin, B.",74,Female,Liberal Democrat,Life peer,Current member,True,2010-06-26 00:00:00,14
Baroness Bennett of Manor Castle,"Bennett of Manor Castle, B.",58,Female,Green Party,Life peer,Current member,True,2019-10-07 00:00:00,4
Lord Benyon,"Benyon, L.",63,Male,Conservative,Life peer,Current member,True,2021-01-26 00:00:00,3
Lord Berkeley of Knighton,"Berkeley of Knighton, L.",76,Male,Crossbench,Life peer,Current member,True,2013-03-26 00:00:00,11
Lord Berkeley,"Berkeley, L.",84,Male,Labour,Life peer,Current member,True,2000-04-18 00:00:00,24
Baroness Berridge,"Berridge, B.",52,Female,Conservative,Life peer,Current member,True,2011-01-18 00:00:00,13
Baroness Bertin,"Bertin, B.",46,Female,Conservative,Life peer,Current member,True,2016-09-02 00:00:00,7
Lord Best,"Best, L.",79,Male,Crossbench,Life peer,Current member,True,2001-06-04 00:00:00,23
Lord Bethell,"Bethell, L.",56,Male,Conservative,Excepted hereditary,Current member,True,2018-07-19 00:00:00,5
Lord Bew,"Bew, L.",74,Male,Crossbench,Life peer,Current member,True,2007-03-26 00:00:00,17
Lord Bichard,"Bichard, L.",77,Male,Crossbench,Life peer,Current member,True,2010-03-24 00:00:00,14
Lord Bilimoria,"Bilimoria, L.",62,Male,Crossbench,Life peer,Current member,True,2006-06-16 00:00:00,18
Baroness Billingham,"Billingham, B.",84,Female,Labour,Life peer,Current member,True,2000-05-02 00:00:00,24
Lord Bird,"Bird, L.",78,Male,Crossbench,Life peer,Current member,True,2015-10-30 00:00:00,8
Lord Birt,"Birt, L.",79,Male,Crossbench,Life peer,Current member,True,2000-02-11 00:00:00,24
Lord Black of Brentwood,"Black of Brentwood, L.",59,Male,Conservative,Life peer,Current member,True,2010-07-09 00:00:00,14
Baroness Black of Strome,"Black of Strome, B.",63,Female,Crossbench,Life peer,Current member,True,2021-04-26 00:00:00,3
Baroness Blackstone,"Blackstone, B.",81,Female,Labour,Life peer,Current member,True,1987-03-18 00:00:00,37
Lord Blackwell,"Blackwell, L.",71,Male,Conservative,Life peer,Current member,True,1997-10-02 00:00:00,26
Baroness Blackwood of North Oxford,"Blackwood of North Oxford, B.",44,Female,Conservative,Life peer,Current member,True,2019-02-01 00:00:00,5
Lord Blair of Boughton,"Blair of Boughton, L.",71,Male,Crossbench,Life peer,Current member,True,2010-07-20 00:00:00,13
Baroness Blake of Leeds,"Blake of Leeds, B.",70,Female,Labour,Life peer,Current member,True,2021-02-01 00:00:00,3
Lord Blencathra,"Blencathra, L.",71,Male,Conservative,Life peer,Current member,True,2011-02-28 00:00:00,13
Baroness Bloomfield of Hinton Waldrist,"Bloomfield of Hinton Waldrist, B.",64,Female,Conservative,Life peer,Current member,True,2016-09-05 00:00:00,7
Baroness Blower,"Blower, B.",73,Female,Labour,Life peer,Current member,True,2019-10-15 00:00:00,4
Lord Blunkett,"Blunkett, L.",77,Male,Labour,Life peer,Current member,True,2015-09-28 00:00:00,8
Lord Boateng,"Boateng, L.",73,Male,Labour,Life peer,Current member,True,2010-06-27 00:00:00,14
Baroness Bonham-Carter of Yarnbury,"Bonham-Carter of Yarnbury, B.",66,Female,Liberal Democrat,Life peer,Current member,True,2004-06-23 00:00:00,20
Lord Booth,"Booth, L.",68,Male,Conservative,Life peer,Current member,True,2024-03-07 00:00:00,0
Lord Borwick,"Borwick, L.",69,Male,Conservative,Excepted hereditary,Current member,True,2013-07-26 00:00:00,10
Lord Boswell of Aynho,"Boswell of Aynho, L.",81,Male,Non-affiliated,Life peer,Current member,True,2010-07-08 00:00:00,14
Lord Botham,"Botham, L.",68,Male,Crossbench,Life peer,Current member,True,2020-09-10 00:00:00,3
Baroness Bottomley of Nettlestone,"Bottomley of Nettlestone, B.",76,Female,Conservative,Life peer,Current member,True,2005-06-24 00:00:00,19
Lord Bourne of Aberystwyth,"Bourne of Aberystwyth, L.",72,Male,Conservative,Life peer,Current member,True,2013-09-09 00:00:00,10
Baroness Bowles of Berkhamsted,"Bowles of Berkhamsted, B.",71,Female,Liberal Democrat,Life peer,Current member,True,2015-10-23 00:00:00,8
Lord Bowness,"Bowness, L.",81,Male,Crossbench,Life peer,Current member,True,1996-01-17 00:00:00,28
Baroness Boycott,"Boycott, B.",73,Female,Crossbench,Life peer,Current member,True,2018-07-09 00:00:00,6
Lord Boyd of Duncansby,"Boyd of Duncansby, L.",71,Male,Non-affiliated,Life peer,Disqualified,False,2006-06-14 00:00:00,18
Lord Bradley,"Bradley, L.",74,Male,Labour,Life peer,Current member,True,2006-06-12 00:00:00,18
Lord Bradshaw,"Bradshaw, L.",87,Male,Liberal Democrat,Life peer,Current member,True,1999-07-22 00:00:00,24
Baroness Brady,"Brady, B.",55,Female,Conservative,Life peer,Current member,True,2014-09-22 00:00:00,9
Lord Bragg,"Bragg, L.",84,Male,Labour,Life peer,Current member,True,1998-08-04 00:00:00,25
Baroness Bray of Coln,"Bray of Coln, B.",70,Female,Conservative,Life peer,Current member,True,2022-11-08 00:00:00,1
Lord Brennan,"Brennan, L.",82,Male,Non-affiliated,Life peer,Current member,True,2000-05-02 00:00:00,24
Viscount Bridgeman,"Bridgeman, V.",93,Male,Conservative,Excepted hereditary,Current member,True,1983-01-20 00:00:00,41
Lord Bridges of Headley,"Bridges of Headley, L.",53,Male,Conservative,Life peer,Current member,True,2015-05-28 00:00:00,9
Baroness Brinton,"Brinton, B.",69,Female,Liberal Democrat,Life peer,Current member,True,2011-02-04 00:00:00,13
The Lord Bishop of Bristol,"Bristol, Bp.",69,Female,Bishops,Bishop,Current member,True,2018-10-02 00:00:00,5
Lord Brooke of Alverthorpe,"Brooke of Alverthorpe, L.",82,Male,Labour,Life peer,Current member,True,1997-10-23 00:00:00,26
Viscount Brookeborough,"Brookeborough, V.",72,Male,Crossbench,Excepted hereditary,Current member,True,1987-09-10 00:00:00,36
Baroness Brown of Cambridge,"Brown of Cambridge, B.",70,Female,Crossbench,Life peer,Current member,True,2015-10-30 00:00:00,8
Lord Browne of Belmont,"Browne of Belmont, L.",76,Male,Democratic Unionist Party,Life peer,Current member,True,2006-06-12 00:00:00,18
Lord Browne of Ladyton,"Browne of Ladyton, L.",72,Male,Labour,Life peer,Current member,True,2010-07-22 00:00:00,13
Lord Browne of Madingley,"Browne of Madingley, L.",76,Male,Crossbench,Life peer,Current member,True,2001-06-28 00:00:00,23
Baroness Browning,"Browning, B.",77,Female,Conservative,Life peer,Current member,True,2010-07-09 00:00:00,14
Lord Brownlow of Shurlock Row,"Brownlow of Shurlock Row, L.",60,Male,Conservative,Life peer,Current member,True,2019-10-09 00:00:00,4
Lord Bruce of Bennachie,"Bruce of Bennachie, L.",79,Male,Liberal Democrat,Life peer,Current member,True,2015-10-19 00:00:00,8
Baroness Bryan of Partick,"Bryan of Partick, B.",74,Female,Labour,Life peer,Current member,True,2018-06-20 00:00:00,6
Baroness Bull,"Bull, B.",61,Female,Crossbench,Life peer,Current member,True,2018-07-11 00:00:00,6
Lord Burnett of Maldon,"Burnett of Maldon, L.",66,Male,Crossbench,Life peer,Current member,True,2017-10-30 00:00:00,6
Lord Burnett,"Burnett, L.",78,Male,Liberal Democrat,Life peer,Current member,True,2006-05-31 00:00:00,18
Lord Burns,"Burns, L.",80,Male,Crossbench,Life peer,Current member,True,1998-07-20 00:00:00,25
Baroness Burt of Solihull,"Burt of Solihull, B.",69,Female,Liberal Democrat,Life peer,Current member,True,2015-10-09 00:00:00,8
Baroness Buscombe,"Buscombe, B.",70,Female,Conservative,Life peer,Current member,True,1998-07-23 00:00:00,25
Lord Butler of Brockwell,"Butler of Brockwell, L.",86,Male,Crossbench,Life peer,Current member,True,1998-02-12 00:00:00,26
Baroness Butler-Sloss,"Butler-Sloss, B.",90,Female,Crossbench,Life peer,Current member,True,2006-06-13 00:00:00,18
Lord Caine,"Caine, L.",58,Male,Conservative,Life peer,Current member,True,2016-09-02 00:00:00,7
The Earl of Caithness,"Caithness, E.",75,Male,Conservative,Excepted hereditary,Current member,True,1969-12-02 00:00:00,54
Lord Callanan,"Callanan, L.",62,Male,Conservative,Life peer,Current member,True,2014-09-24 00:00:00,9
Lord Cameron of Chipping Norton,"Cameron of Chipping Norton, L.",57,Male,Conservative,Life peer,Current member,True,2023-11-17 00:00:00,0
Lord Cameron of Dillington,"Cameron of Dillington, L.",74,Male,Crossbench,Life peer,Current member,True,2004-06-29 00:00:00,20
Lord Cameron of Lochiel,"Cameron of Lochiel, L.",47,Male,Conservative,Life peer,Current member,True,2024-03-04 00:00:00,0
Lord Camoys,"Camoys, L.",49,Male,Conservative,Excepted hereditary,Current member,True,2023-11-28 00:00:00,0
Baroness Campbell of Loughborough,"Campbell of Loughborough, B.",75,Female,Crossbench,Life peer,Leave of absence,False,2008-11-10 00:00:00,15
Lord Campbell of Pittenweem,"Campbell of Pittenweem, L.",83,Male,Liberal Democrat,Life peer,Current member,True,2015-10-13 00:00:00,8
Baroness Campbell of Surbiton,"Campbell of Surbiton, B.",65,Female,Crossbench,Life peer,Current member,True,2007-03-30 00:00:00,17
Lord Campbell-Savours,"Campbell-Savours, L.",80,Male,Labour,Life peer,Current member,True,2001-07-04 00:00:00,23
Viscount Camrose,"Camrose, V.",54,Male,Conservative,Excepted hereditary,Current member,True,2022-04-06 00:00:00,2
The Lord Archbishop of Canterbury,"Canterbury, Abp.",68,Male,Bishops,Bishop,Current member,True,2013-02-26 00:00:00,11
Lord Carey of Clifton,"Carey of Clifton, L.",88,Male,Crossbench,Life peer,Current member,True,2002-11-01 00:00:00,21
Lord Carlile of Berriew,"Carlile of Berriew, L.",76,Male,Crossbench,Life peer,Current member,True,1999-07-27 00:00:00,24
Baroness Carr of Walton-on-the-Hill,"Carr of Walton-on-the-Hill, B.",59,Female,Non-affiliated,Life peer,Disqualified,False,2023-11-06 00:00:00,0
Lord Carrington of Fulham,"Carrington of Fulham, L.",76,Male,Conservative,Life peer,Current member,True,2013-09-11 00:00:00,10
Lord Carrington,"Carrington, L.",75,Male,Crossbench,Excepted hereditary,Current member,True,2018-12-04 00:00:00,5
Lord Carter of Barnes,"Carter of Barnes, L.",60,Male,Non-affiliated,Life peer,Current member,True,2008-10-15 00:00:00,15
Lord Carter of Coles,"Carter of Coles, L.",78,Male,Labour,Life peer,Current member,True,2004-06-08 00:00:00,20
Lord Carter of Haslemere,"Carter of Haslemere, L.",65,Male,Crossbench,Life peer,Current member,True,2019-10-30 00:00:00,4
Baroness Casey of Blackstock,"Casey of Blackstock, B.",59,Female,Crossbench,Life peer,Current member,True,2020-10-30 00:00:00,3
Lord Cashman,"Cashman, L.",73,Male,Non-affiliated,Life peer,Current member,True,2014-09-23 00:00:00,9
Earl Cathcart,"Cathcart, E.",71,Male,Conservative,Excepted hereditary,Current member,True,2007-03-09 00:00:00,17
Baroness Cavendish of Little Venice,"Cavendish of Little Venice, B.",55,Female,Crossbench,Life peer,Current member,True,2016-09-06 00:00:00,7
Lord Chadlington,"Chadlington, L.",81,Male,Conservative,Life peer,Current member,True,1996-10-16 00:00:00,27
Baroness Chakrabarti,"Chakrabarti, B.",55,Female,Labour,Life peer,Current member,True,2016-09-06 00:00:00,7
Viscount Chandos,"Chandos, V.",71,Male,Labour,Life peer,Current member,True,2000-04-19 00:00:00,24
Baroness Chapman of Darlington,"Chapman of Darlington, B.",50,Female,Labour,Life peer,Current member,True,2021-02-01 00:00:00,3
Lord Chartres,"Chartres, L.",77,Male,Crossbench,Life peer,Current member,True,2017-11-07 00:00:00,6
The Lord Bishop of Chelmsford,"Chelmsford, Bp.",58,Female,Bishops,Bishop,Current member,True,2021-06-25 00:00:00,3
The Lord Bishop of Chichester,"Chichester, Bp.",65,Male,Bishops,Bishop,Current member,True,2018-01-03 00:00:00,6
Baroness Chisholm of Owlpen,"Chisholm of Owlpen, B.",72,Female,Non-affiliated,Life peer,Current member,True,2014-09-16 00:00:00,9
Lord Choudrey,"Choudrey, L.",66,Male,Conservative,Life peer,Current member,True,2019-10-09 00:00:00,4
Lord Christopher,"Christopher, L.",99,Male,Labour,Life peer,Leave of absence,False,1998-07-30 00:00:00,25
The Earl of Clancarty,"Clancarty, E.",72,Male,Crossbench,Excepted hereditary,Current member,True,2010-06-28 00:00:00,14
Baroness Clark of Calton,"Clark of Calton, B.",75,Female,Crossbench,Life peer,Current member,True,2005-06-21 00:00:00,19
Baroness Clark of Kilwinning,"Clark of Kilwinning, B.",57,Female,Labour,Life peer,Leave of absence,False,2020-09-03 00:00:00,3
Lord Clark of Windermere,"Clark of Windermere, L.",84,Male,Labour,Life peer,Current member,True,2001-07-02 00:00:00,23
Lord Clarke of Hampstead,"Clarke of Hampstead, L.",92,Male,Labour,Life peer,Current member,True,1998-07-29 00:00:00,25
Lord Clarke of Nottingham,"Clarke of Nottingham, L.",84,Male,Conservative,Life peer,Current member,True,2020-09-04 00:00:00,3
Lord Clement-Jones,"Clement-Jones, L.",74,Male,Liberal Democrat,Life peer,Current member,True,1998-07-17 00:00:00,25
Lord Coaker,"Coaker, L.",71,Male,Labour,Life peer,Current member,True,2021-02-03 00:00:00,3
Baroness Cohen of Pimlico,"Cohen of Pimlico, B.",84,Female,Labour,Life peer,Current member,True,2000-05-03 00:00:00,24
Lord Colgrain,"Colgrain, L.",72,Male,Conservative,Excepted hereditary,Current member,True,2017-03-27 00:00:00,7
Lord Collins of Highbury,"Collins of Highbury, L.",69,Male,Labour,Life peer,Current member,True,2011-01-20 00:00:00,13
Lord Collins of Mapesbury,"Collins of Mapesbury, L.",83,Male,Crossbench,Life peer (judicial),Leave of absence,False,2009-04-21 00:00:00,15
Viscount Colville of Culross,"Colville of Culross, V.",64,Male,Crossbench,Excepted hereditary,Current member,True,2011-07-25 00:00:00,12
Lord Cooper of Windrush,"Cooper of Windrush, L.",61,Male,Non-affiliated,Life peer,Leave of absence,False,2014-09-17 00:00:00,9
The Earl of Cork and Orrery,"Cork and Orrery, E.",78,Male,Crossbench,Excepted hereditary,Current member,True,2016-07-19 00:00:00,7
The Earl of Courtown,"Courtown, E.",70,Male,Conservative,Excepted hereditary,Current member,True,1979-07-24 00:00:00,44
Baroness Coussins,"Coussins, B.",73,Female,Crossbench,Life peer,Current member,True,2007-03-23 00:00:00,17
Baroness Cox,"Cox, B.",87,Female,Crossbench,Life peer,Current member,True,1983-01-24 00:00:00,41
Lord Craig of Radley,"Craig of Radley, L.",94,Male,Crossbench,Life peer,Current member,True,1991-07-30 00:00:00,32
Viscount Craigavon,"Craigavon, V.",80,Male,Crossbench,Excepted hereditary,Current member,True,1974-07-26 00:00:00,49
Lord Crathorne,"Crathorne, L.",84,Male,Conservative,Excepted hereditary,Current member,True,1977-05-25 00:00:00,47
Baroness Crawley,"Crawley, B.",74,Female,Labour,Life peer,Current member,True,1998-07-24 00:00:00,25
Lord Crisp,"Crisp, L.",72,Male,Crossbench,Life peer,Current member,True,2006-04-28 00:00:00,18
Lord Cromwell,"Cromwell, L.",64,Male,Crossbench,Excepted hereditary,Current member,True,2014-04-10 00:00:00,10
Lord Cruddas,"Cruddas, L.",70,Male,Conservative,Life peer,Current member,True,2021-01-27 00:00:00,3
Baroness Cumberlege,"Cumberlege, B.",81,Female,Conservative,Life peer,Current member,True,1990-05-18 00:00:00,34
Lord Cunningham of Felling,"Cunningham of Felling, L.",84,Male,Labour,Life peer,Current member,True,2005-06-27 00:00:00,19
Lord Currie of Marylebone,"Currie of Marylebone, L.",77,Male,Crossbench,Life peer,Current member,True,1996-10-01 00:00:00,27
Lord Curry of Kirkharle,"Curry of Kirkharle, L.",80,Male,Crossbench,Life peer,Current member,True,2011-10-13 00:00:00,12
Lord Dannatt,"Dannatt, L.",73,Male,Crossbench,Life peer,Current member,True,2011-01-19 00:00:00,13
Lord Darroch of Kew,"Darroch of Kew, L.",70,Male,Crossbench,Life peer,Current member,True,2019-11-11 00:00:00,4
Lord Darzi of Denham,"Darzi of Denham, L.",64,Male,Non-affiliated,Life peer,Current member,True,2007-07-12 00:00:00,16
Lord Davidson of Glen Clova,"Davidson of Glen Clova, L.",73,Male,Labour,Life peer,Current member,True,2006-03-22 00:00:00,18
Baroness Davidson of Lundin Links,"Davidson of Lundin Links, B.",45,Female,Conservative,Life peer,Current member,True,2021-07-16 00:00:00,2
Lord Davies of Abersoch,"Davies of Abersoch, L.",71,Male,Non-affiliated,Life peer,Leave of absence,False,2009-02-02 00:00:00,15
Lord Davies of Brixton,"Davies of Brixton, L.",80,Male,Labour,Life peer,Current member,True,2020-09-18 00:00:00,3
Lord Davies of Gower,"Davies of Gower, L.",71,Male,Conservative,Life peer,Current member,True,2019-10-10 00:00:00,4
Lord de Clifford,"de Clifford, L.",57,Male,Crossbench,Excepted hereditary,Current member,True,2023-09-26 00:00:00,0
Lord De Mauley,"De Mauley, L.",67,Male,Conservative,Excepted hereditary,Current member,True,2005-03-15 00:00:00,19
Lord Dear,"Dear, L.",86,Male,Crossbench,Life peer,Current member,True,2006-06-15 00:00:00,18
Lord Deben,"Deben, L.",84,Male,Conservative,Life peer,Current member,True,2010-06-21 00:00:00,14
Baroness Deech,"Deech, B.",81,Female,Crossbench,Life peer,Current member,True,2005-10-05 00:00:00,18
Lord Deighton,"Deighton, L.",68,Male,Conservative,Life peer,Current member,True,2012-11-01 00:00:00,11
The Lord Bishop of Derby,"Derby, Bp.",57,Female,Bishops,Bishop,Current member,True,2019-03-28 00:00:00,5
Lord Desai,"Desai, L.",84,Male,Crossbench,Life peer,Current member,True,1991-06-05 00:00:00,33
The Earl of Devon,"Devon, E.",48,Male,Crossbench,Excepted hereditary,Current member,True,2018-07-12 00:00:00,5
Lord Dholakia,"Dholakia, L.",87,Male,Liberal Democrat,Life peer,Current member,True,1997-10-24 00:00:00,26
Lord Dobbs,"Dobbs, L.",75,Male,Conservative,Life peer,Current member,True,2010-12-18 00:00:00,13
Lord Dodds of Duncairn,"Dodds of Duncairn, L.",65,Male,Democratic Unionist Party,Life peer,Current member,True,2020-09-18 00:00:00,3
Baroness Donaghy,"Donaghy, B.",79,Female,Labour,Life peer,Current member,True,2010-06-26 00:00:00,14
Lord Donoughue,"Donoughue, L.",89,Male,Labour,Life peer,Current member,True,1985-05-21 00:00:00,39
Baroness Doocey,"Doocey, B.",76,Female,Liberal Democrat,Life peer,Current member,True,2010-12-21 00:00:00,13
Lord Douglas-Miller,"Douglas-Miller, L.",59,Male,Conservative,Life peer,Current member,True,2023-12-15 00:00:00,0
Baroness Drake,"Drake, B.",76,Female,Labour,Life peer,Current member,True,2010-06-20 00:00:00,14
Lord Drayson,"Drayson, L.",64,Male,Labour,Life peer,Current member,True,2004-06-01 00:00:00,20
Baroness D'Souza,"D'Souza, B.",80,Female,Crossbench,Life peer,Current member,True,2004-07-01 00:00:00,20
Lord Dubs,"Dubs, L.",91,Male,Labour,Life peer,Current member,True,1994-09-27 00:00:00,29
Lord Duncan of Springbank,"Duncan of Springbank, L.",51,Male,Conservative,Life peer,Current member,True,2017-07-14 00:00:00,6
The Earl of Dundee,"Dundee, E.",75,Male,Conservative,Excepted hereditary,Current member,True,1983-10-28 00:00:00,40
Lord Dunlop,"Dunlop, L.",65,Male,Conservative,Life peer,Current member,True,2015-05-26 00:00:00,9
Lord Dykes,"Dykes, L.",85,Male,Crossbench,Life peer,Current member,True,2004-06-21 00:00:00,20
Lord Eames,"Eames, L.",87,Male,Crossbench,Life peer,Current member,True,1995-08-25 00:00:00,28
Baroness Eaton,"Eaton, B.",82,Female,Conservative,Life peer,Current member,True,2010-07-21 00:00:00,13
Lord Eatwell,"Eatwell, L.",79,Male,Labour,Life peer,Current member,True,1992-07-14 00:00:00,31
Baroness Eccles of Moulton,"Eccles of Moulton, B.",90,Female,Conservative,Life peer,Current member,True,1990-05-10 00:00:00,34
Viscount Eccles,"Eccles, V.",93,Male,Conservative,Excepted hereditary,Current member,True,2005-03-24 00:00:00,19
The Earl of Effingham,"Effingham, E.",53,Male,Conservative,Excepted hereditary,Current member,True,2022-10-28 00:00:00,1
Lord Elis-Thomas,"Elis-Thomas, L.",77,Male,Non-affiliated,Life peer,Current member,True,1992-09-18 00:00:00,31
Lord Elliott of Mickle Fell,"Elliott of Mickle Fell, L.",46,Male,Conservative,Life peer,Current member,True,2024-02-06 00:00:00,0
Lord Empey,"Empey, L.",76,Male,Ulster Unionist Party,Life peer,Current member,True,2011-01-15 00:00:00,13
The Earl of Erroll,"Erroll, E.",76,Male,Crossbench,Excepted hereditary,Current member,True,1978-06-30 00:00:00,46
Lord Etherton,"Etherton, L.",73,Male,Crossbench,Life peer,Current member,True,2020-12-23 00:00:00,3
Baroness Evans of Bowes Park,"Evans of Bowes Park, B.",48,Female,Conservative,Life peer,Current member,True,2014-09-12 00:00:00,9
Lord Evans of Rainow,"Evans of Rainow, L.",60,Male,Conservative,Life peer,Current member,True,2022-11-09 00:00:00,1
Lord Evans of Watford,"Evans of Watford, L.",81,Male,Labour,Life peer,Current member,True,1998-07-28 00:00:00,25
Lord Evans of Weardale,"Evans of Weardale, L.",66,Male,Crossbench,Life peer,Current member,True,2014-12-03 00:00:00,9
Lord Fairfax of Cameron,"Fairfax of Cameron, L.",68,Male,Conservative,Excepted hereditary,Current member,True,2015-11-26 00:00:00,8
Baroness Fairhead,"Fairhead, B.",62,Female,Crossbench,Life peer,Current member,True,2017-10-19 00:00:00,6
Lord Falconer of Thoroton,"Falconer of Thoroton, L.",72,Male,Labour,Life peer,Current member,True,1997-05-14 00:00:00,27
Baroness Falkner of Margravine,"Falkner of Margravine, B.",69,Female,Crossbench,Life peer,Current member,True,2004-06-02 00:00:00,20
Baroness Fall,"Fall, B.",56,Female,Conservative,Life peer,Current member,True,2015-10-22 00:00:00,8
Lord Farmer,"Farmer, L.",79,Male,Conservative,Life peer,Current member,True,2014-09-05 00:00:00,9
Lord Faulkner of Worcester,"Faulkner of Worcester, L.",78,Male,Labour,Life peer,Current member,True,1999-07-14 00:00:00,24
Lord Faulks,"Faulks, L.",73,Male,Non-affiliated,Life peer,Current member,True,2010-07-21 00:00:00,13
Baroness Featherstone,"Featherstone, B.",72,Female,Liberal Democrat,Life peer,Current member,True,2015-10-20 00:00:00,8
Lord Feldman of Elstree,"Feldman of Elstree, L.",58,Male,Conservative,Life peer,Leave of absence,False,2010-12-17 00:00:00,13
Lord Fellowes of West Stafford,"Fellowes of West Stafford, L.",74,Male,Conservative,Life peer,Current member,True,2011-01-12 00:00:00,13
Lord Filkin,"Filkin, L.",80,Male,Labour,Life peer,Current member,True,1999-07-29 00:00:00,24
Lord Fink,"Fink, L.",66,Male,Conservative,Life peer,Current member,True,2011-01-18 00:00:00,13
Lord Finkelstein,"Finkelstein, L.",61,Male,Conservative,Life peer,Current member,True,2013-09-11 00:00:00,10
Baroness Finlay of Llandaff,"Finlay of Llandaff, B.",75,Female,Crossbench,Life peer,Current member,True,2001-06-28 00:00:00,23
Baroness Finn,"Finn, B.",56,Female,Conservative,Life peer,Current member,True,2015-10-14 00:00:00,8
Baroness Fleet,"Fleet, B.",72,Female,Conservative,Life peer,Current member,True,2020-09-15 00:00:00,3
Lord Flight,"Flight, L.",76,Male,Conservative,Life peer,Current member,True,2011-01-13 00:00:00,13
Baroness Fookes,"Fookes, B.",88,Female,Conservative,Life peer,Current member,True,1997-09-30 00:00:00,26
Baroness Ford,"Ford, B.",66,Female,Crossbench,Life peer,Current member,True,2006-06-05 00:00:00,18
Lord Forsyth of Drumlean,"Forsyth of Drumlean, L.",69,Male,Conservative,Life peer,Current member,True,1999-07-14 00:00:00,24
Baroness Foster of Aghadrumsee,"Foster of Aghadrumsee, B.",53,Female,Non-affiliated,Life peer,Current member,True,2022-11-09 00:00:00,1
Lord Foster of Bath,"Foster of Bath, L.",77,Male,Liberal Democrat,Life peer,Current member,True,2015-10-07 00:00:00,8
Baroness Foster of Oxton,"Foster of Oxton, B.",76,Female,Conservative,Life peer,Current member,True,2021-01-29 00:00:00,3
Lord Foulkes of Cumnock,"Foulkes of Cumnock, L.",82,Male,Labour,Life peer,Current member,True,2005-06-16 00:00:00,19
Lord Fowler,"Fowler, L.",86,Male,Crossbench,Life peer,Current member,True,2001-07-03 00:00:00,23
Baroness Fox of Buckley,"Fox of Buckley, B.",64,Female,Non-affiliated,Life peer,Current member,True,2020-09-14 00:00:00,3
Lord Fox,"Fox, L.",66,Male,Liberal Democrat,Life peer,Current member,True,2014-09-11 00:00:00,9
Lord Framlingham,"Framlingham, L.",85,Male,Conservative,Life peer,Current member,True,2011-01-14 00:00:00,13
Baroness Fraser of Craigmaddie,"Fraser of Craigmaddie, B.",55,Female,Conservative,Life peer,Current member,True,2021-01-26 00:00:00,3
Baroness Freeman of Steventon,"Freeman of Steventon, B.",51,Female,Crossbench,Life peer,Current member,True,2024-06-05 00:00:00,0
Lord Freud,"Freud, L.",74,Male,Conservative,Life peer,Leave of absence,False,2009-06-27 00:00:00,15
Lord Freyberg,"Freyberg, L.",53,Male,Crossbench,Excepted hereditary,Current member,True,1994-03-07 00:00:00,30
Lord Frost,"Frost, L.",59,Male,Conservative,Life peer,Current member,True,2020-08-12 00:00:00,3
Baroness Fullbrook,"Fullbrook, B.",64,Female,Conservative,Life peer,Leave of absence,False,2020-09-07 00:00:00,3
Lord Fuller,"Fuller, L.",56,Male,Conservative,Life peer,Current member,True,2024-03-08 00:00:00,0
Lord Gadhia,"Gadhia, L.",54,Male,Non-affiliated,Life peer,Current member,True,2016-08-31 00:00:00,7
Baroness Gale,"Gale, B.",83,Female,Labour,Life peer,Current member,True,1999-08-04 00:00:00,24
Baroness Garden of Frognal,"Garden of Frognal, B.",80,Female,Liberal Democrat,Life peer,Current member,True,2007-10-15 00:00:00,16
Lord Gardiner of Kimble,"Gardiner of Kimble, L.",68,Male,Non-affiliated,Life peer,Current member,True,2010-06-23 00:00:00,14
Lord Garnier,"Garnier, L.",71,Male,Conservative,Life peer,Current member,True,2018-06-22 00:00:00,6
Lord Gascoigne,"Gascoigne, L.",41,Male,Conservative,Life peer,Current member,True,2023-07-10 00:00:00,1
Lord Geddes,"Geddes, L.",86,Male,Conservative,Excepted hereditary,Current member,True,1975-03-20 00:00:00,49
Lord Geidt,"Geidt, L.",62,Male,Crossbench,Life peer,Leave of absence,False,2017-11-03 00:00:00,6
Lord German,"German, L.",79,Male,Liberal Democrat,Life peer,Current member,True,2010-06-24 00:00:00,14
Lord Giddens,"Giddens, L.",86,Male,Labour,Life peer,Current member,True,2004-06-16 00:00:00,20
Lord Gilbert of Panteg,"Gilbert of Panteg, L.",60,Male,Conservative,Life peer,Current member,True,2015-09-30 00:00:00,8
The Earl of Glasgow,"Glasgow, E.",84,Male,Liberal Democrat,Excepted hereditary,Current member,True,2005-01-17 00:00:00,19
Lord Glasman,"Glasman, L.",63,Male,Labour,Life peer,Current member,True,2011-02-04 00:00:00,13
Lord Glenarthur,"Glenarthur, L.",79,Male,Conservative,Excepted hereditary,Current member,True,1977-06-21 00:00:00,47
Lord Glendonbrook,"Glendonbrook, L.",82,Male,Conservative,Life peer,Current member,True,2011-02-01 00:00:00,13
The Lord Bishop of Gloucester,"Gloucester, Bp.",61,Female,Bishops,Bishop,Current member,True,2015-09-07 00:00:00,8
Lord Goddard of Stockport,"Goddard of Stockport, L.",71,Male,Liberal Democrat,Life peer,Current member,True,2014-09-15 00:00:00,9
Lord Godson,"Godson, L.",61,Male,Conservative,Life peer,Current member,True,2021-01-25 00:00:00,3
Baroness Gohir,"Gohir, B.",55,Female,Crossbench,Life peer,Current member,True,2022-06-24 00:00:00,2
Lord Gold,"Gold, L.",73,Male,Conservative,Life peer,Current member,True,2011-02-01 00:00:00,13
Baroness Goldie,"Goldie, B.",74,Female,Conservative,Life peer,Current member,True,2013-10-03 00:00:00,10
Baroness Golding,"Golding, B.",91,Female,Labour,Life peer,Current member,True,2001-07-13 00:00:00,22
Lord Goldsmith of Richmond Park,"Goldsmith of Richmond Park, L.",49,Male,Conservative,Life peer,Current member,True,2020-01-07 00:00:00,4
Lord Goldsmith,"Goldsmith, L.",74,Male,Labour,Life peer,Current member,True,1999-07-29 00:00:00,24
Lord Goodman of Wycombe,"Goodman of Wycombe, L.",64,Male,Conservative,Life peer,Current member,True,2024-03-11 00:00:00,0
Viscount Goschen,"Goschen, V.",58,Male,Conservative,Excepted hereditary,Current member,True,1988-07-15 00:00:00,35
Baroness Goudie,"Goudie, B.",77,Female,Labour,Life peer,Current member,True,1998-07-21 00:00:00,25
Lord Grabiner,"Grabiner, L.",79,Male,Crossbench,Life peer,Current member,True,1999-07-26 00:00:00,24
Lord Grade of Yarmouth,"Grade of Yarmouth, L.",81,Male,Non-affiliated,Life peer,Current member,True,2011-01-25 00:00:00,13
Lord Grantchester,"Grantchester, L.",73,Male,Labour,Excepted hereditary,Current member,True,2003-10-31 00:00:00,20
Lord Green of Deddington,"Green of Deddington, L.",82,Male,Crossbench,Life peer,Current member,True,2014-11-28 00:00:00,9
Lord Green of Hurstpierpoint,"Green of Hurstpierpoint, L.",75,Male,Crossbench,Life peer,Current member,True,2010-11-16 00:00:00,13
Baroness Greenfield,"Greenfield, B.",73,Female,Crossbench,Life peer,Current member,True,2001-06-18 00:00:00,23
Lord Greenhalgh,"Greenhalgh, L.",56,Male,Conservative,Life peer,Current member,True,2020-04-16 00:00:00,4
Lord Greenway,"Greenway, L.",83,Male,Crossbench,Excepted hereditary,Current member,True,1975-10-08 00:00:00,48
Baroness Grender,"Grender, B.",61,Female,Liberal Democrat,Life peer,Current member,True,2013-09-04 00:00:00,10
Baroness Grey-Thompson,"Grey-Thompson, B.",54,Female,Crossbench,Life peer,Current member,True,2010-03-23 00:00:00,14
Lord Griffiths of Burry Port,"Griffiths of Burry Port, L.",82,Male,Labour,Life peer,Current member,True,2004-06-30 00:00:00,20
Lord Griffiths of Fforestfach,"Griffiths of Fforestfach, L.",82,Male,Conservative,Life peer,Current member,True,1991-02-05 00:00:00,33
Lord Grimstone of Boscobel,"Grimstone of Boscobel, L.",74,Male,Conservative,Life peer,Current member,True,2020-04-08 00:00:00,4
Lord Grocott,"Grocott, L.",83,Male,Labour,Life peer,Current member,True,2001-07-02 00:00:00,23
The Lord Bishop of Guildford,"Guildford, Bp.",62,Male,Bishops,Bishop,Current member,True,2021-12-16 00:00:00,2
Lord Hacking,"Hacking, L.",86,Male,Labour,Excepted hereditary,Current member,True,2021-11-19 00:00:00,2
Lord Hague of Richmond,"Hague of Richmond, L.",63,Male,Conservative,Life peer,Leave of absence,False,2015-10-09 00:00:00,8
Viscount Hailsham,"Hailsham, V.",79,Male,Conservative,Life peer,Current member,True,2015-10-12 00:00:00,8
Lord Hain,"Hain, L.",74,Male,Labour,Life peer,Current member,True,2015-10-22 00:00:00,8
Baroness Hale of Richmond,"Hale of Richmond, B.",79,Female,Crossbench,Life peer (judicial),Current member,True,2004-01-12 00:00:00,20
Lord Hall of Birkenhead,"Hall of Birkenhead, L.",73,Male,Crossbench,Life peer,Current member,True,2010-03-19 00:00:00,14
Baroness Hallett,"Hallett, B.",74,Female,Crossbench,Life peer,Current member,True,2019-10-11 00:00:00,4
Lord Hameed,"Hameed, L.",83,Male,Crossbench,Life peer,Current member,True,2007-03-27 00:00:00,17
Lord Hamilton of Epsom,"Hamilton of Epsom, L.",82,Male,Conservative,Life peer,Current member,True,2005-06-17 00:00:00,19
Lord Hammond of Runnymede,"Hammond of Runnymede, L.",68,Male,Conservative,Life peer,Current member,True,2020-09-30 00:00:00,3
Lord Hampton,"Hampton, L.",59,Male,Crossbench,Excepted hereditary,Current member,True,2022-10-25 00:00:00,1
Baroness Hamwee,"Hamwee, B.",77,Female,Liberal Democrat,Life peer,Current member,True,1991-06-06 00:00:00,33
Lord Hannan of Kingsclere,"Hannan of Kingsclere, L.",52,Male,Conservative,Life peer,Current member,True,2021-01-25 00:00:00,3
Lord Hannay of Chiswick,"Hannay of Chiswick, L.",88,Male,Crossbench,Life peer,Current member,True,2001-06-19 00:00:00,23
Lord Hannett of Everton,"Hannett of Everton, L.",71,Male,Labour,Life peer,Current member,True,2024-03-12 00:00:00,0
Lord Hanningfield,"Hanningfield, L.",83,Male,Non-affiliated,Life peer,Leave of absence,False,1998-07-31 00:00:00,25
Viscount Hanworth,"Hanworth, V.",78,Male,Labour,Excepted hereditary,Current member,True,2011-03-30 00:00:00,13
Lord Hardie,"Hardie, L.",78,Male,Crossbench,Life peer,Leave of absence,False,1997-05-21 00:00:00,27
Baroness Harding of Winscombe,"Harding of Winscombe, B.",56,Female,Conservative,Life peer,Current member,True,2014-09-15 00:00:00,9
Lord Harlech,"Harlech, L.",38,Male,Conservative,Excepted hereditary,Current member,True,2021-07-21 00:00:00,2
Lord Harries of Pentregarth,"Harries of Pentregarth, L.",88,Male,Crossbench,Life peer,Current member,True,2006-06-30 00:00:00,18
Lord Harrington of Watford,"Harrington of Watford, L.",66,Male,Conservative,Life peer,Current member,True,2022-03-15 00:00:00,2
Lord Harris of Haringey,"Harris of Haringey, L.",70,Male,Labour,Life peer,Current member,True,1998-08-05 00:00:00,25
Lord Harris of Peckham,"Harris of Peckham, L.",80,Male,Conservative,Life peer,Current member,True,1996-01-11 00:00:00,28
Baroness Harris of Richmond,"Harris of Richmond, B.",80,Female,Liberal Democrat,Life peer,Current member,True,1999-08-06 00:00:00,24
Lord Haselhurst,"Haselhurst, L.",87,Male,Conservative,Life peer,Current member,True,2018-06-22 00:00:00,6
Lord Haskel,"Haskel, L.",89,Male,Labour,Life peer,Current member,True,1993-10-04 00:00:00,30
Lord Hastings of Scarisbrick,"Hastings of Scarisbrick, L.",66,Male,Crossbench,Life peer,Current member,True,2005-10-12 00:00:00,18
Lord Haughey,"Haughey, L.",68,Male,Labour,Life peer,Current member,True,2013-09-18 00:00:00,10
Lord Hay of Ballyore,"Hay of Ballyore, L.",74,Male,Democratic Unionist Party,Life peer,Current member,True,2014-12-16 00:00:00,9
Baroness Hayman of Ullock,"Hayman of Ullock, B.",61,Female,Labour,Life peer,Current member,True,2020-09-09 00:00:00,3
Baroness Hayman,"Hayman, B.",75,Female,Crossbench,Life peer,Current member,True,1996-01-02 00:00:00,28
Baroness Hayter of Kentish Town,"Hayter of Kentish Town, B.",74,Female,Labour,Life peer,Current member,True,2010-06-22 00:00:00,14
Lord Hayward,"Hayward, L.",75,Male,Conservative,Life peer,Current member,True,2015-09-28 00:00:00,8
Baroness Hazarika,"Hazarika, B.",48,Female,Labour,Life peer,Current member,True,2024-03-14 00:00:00,0
Baroness Healy of Primrose Hill,"Healy of Primrose Hill, B.",69,Female,Labour,Life peer,Current member,True,2010-07-19 00:00:00,13
Baroness Helic,"Helic, B.",56,Female,Conservative,Life peer,Current member,True,2014-09-18 00:00:00,9
Lord Hendy of Richmond Hill,"Hendy of Richmond Hill, L.",71,Male,Labour,Life peer,Current member,True,2022-11-17 00:00:00,1
Lord Hendy,"Hendy, L.",76,Male,Labour,Life peer,Current member,True,2019-10-15 00:00:00,4
Lord Henley,"Henley, L.",70,Male,Conservative,Excepted hereditary,Current member,True,1978-02-28 00:00:00,46
Lord Hennessy of Nympsfield,"Hennessy of Nympsfield, L.",77,Male,Crossbench,Life peer,Current member,True,2010-11-08 00:00:00,13
Lord Herbert of South Downs,"Herbert of South Downs, L.",61,Male,Conservative,Life peer,Current member,True,2020-09-01 00:00:00,3
The Lord Bishop of Hereford,"Hereford, Bp.",63,Male,Bishops,Bishop,Current member,True,2023-11-15 00:00:00,0
Lord Heseltine,"Heseltine, L.",91,Male,Non-affiliated,Life peer,Current member,True,2001-07-12 00:00:00,22
Lord Hill of Oareford,"Hill of Oareford, L.",63,Male,Conservative,Life peer,Current member,True,2010-05-27 00:00:00,14
Lord Hintze,"Hintze, L.",70,Male,Conservative,Life peer,Current member,True,2022-11-03 00:00:00,1
Baroness Hodgson of Abinger,"Hodgson of Abinger, B.",69,Female,Conservative,Life peer,Current member,True,2013-09-16 00:00:00,10
Lord Hodgson of Astley Abbotts,"Hodgson of Astley Abbotts, L.",82,Male,Conservative,Life peer,Current member,True,2000-06-07 00:00:00,24
Baroness Hoey,"Hoey, B.",78,Female,Non-affiliated,Life peer,Current member,True,2020-09-14 00:00:00,3
Lord Hoffmann,"Hoffmann, L.",90,Male,Crossbench,Life peer (judicial),Current member,True,1995-02-21 00:00:00,29
Lord Hogan-Howe,"Hogan-Howe, L.",66,Male,Crossbench,Life peer,Current member,True,2017-11-07 00:00:00,6
Baroness Hogg,"Hogg, B.",78,Female,Crossbench,Life peer,Current member,True,1995-02-03 00:00:00,29
Lord Hollick,"Hollick, L.",79,Male,Labour,Life peer,Current member,True,1991-06-20 00:00:00,33
Baroness Hollins,"Hollins, B.",78,Female,Crossbench,Life peer,Current member,True,2010-11-15 00:00:00,13
Lord Holmes of Richmond,"Holmes of Richmond, L.",52,Male,Conservative,Life peer,Current member,True,2013-09-13 00:00:00,10
Baroness Hooper,"Hooper, B.",85,Female,Conservative,Life peer,Current member,True,1985-06-10 00:00:00,39
Lord Hope of Craighead,"Hope of Craighead, L.",86,Male,Crossbench,Life peer,Current member,True,1995-02-28 00:00:00,29
Lord Horam,"Horam, L.",85,Male,Conservative,Life peer,Current member,True,2013-09-04 00:00:00,10
Lord Houchen of High Leven,"Houchen of High Leven, L.",37,Male,Conservative,Life peer,Current member,True,2023-07-12 00:00:00,0
Lord Houghton of Richmond,"Houghton of Richmond, L.",69,Male,Crossbench,Life peer,Current member,True,2017-11-20 00:00:00,6
Lord Howard of Lympne,"Howard of Lympne, L.",83,Male,Conservative,Life peer,Current member,True,2010-07-13 00:00:00,13
Lord Howard of Rising,"Howard of Rising, L.",83,Male,Conservative,Life peer,Current member,True,2004-06-04 00:00:00,20
Baroness Howarth of Breckland,"Howarth of Breckland, B.",83,Female,Crossbench,Life peer,Current member,True,2001-06-25 00:00:00,23
Lord Howarth of Newport,"Howarth of Newport, L.",80,Male,Labour,Life peer,Current member,True,2005-06-15 00:00:00,19
Earl Howe,"Howe, E.",73,Male,Conservative,Excepted hereditary,Current member,True,1984-10-30 00:00:00,39
Lord Howell of Guildford,"Howell of Guildford, L.",88,Male,Conservative,Life peer,Current member,True,1997-06-06 00:00:00,27
Baroness Hughes of Stretford,"Hughes of Stretford, B.",74,Female,Labour,Life peer,Current member,True,2010-07-15 00:00:00,13
Baroness Humphreys,"Humphreys, B.",77,Female,Liberal Democrat,Life peer,Current member,True,2013-09-18 00:00:00,10
Baroness Hunt of Bethnal Green,"Hunt of Bethnal Green, B.",44,Female,Crossbench,Life peer,Current member,True,2019-10-16 00:00:00,4
Lord Hunt of Kings Heath,"Hunt of Kings Heath, L.",75,Male,Labour,Life peer,Current member,True,1997-10-20 00:00:00,26
Lord Hunt of Wirral,"Hunt of Wirral, L.",82,Male,Conservative,Life peer,Current member,True,1997-10-20 00:00:00,26
Lord Hussain,"Hussain, L.",68,Male,Liberal Democrat,Life peer,Current member,True,2011-01-20 00:00:00,13
Baroness Hussein-Ece,"Hussein-Ece, B.",70,Female,Liberal Democrat,Life peer,Current member,True,2010-06-25 00:00:00,14
Lord Hutton of Furness,"Hutton of Furness, L.",69,Male,Labour,Life peer,Current member,True,2010-06-27 00:00:00,14
Lord Inglewood,"Inglewood, L.",72,Male,Non-affiliated,Excepted hereditary,Current member,True,1989-11-23 00:00:00,34
Lord Irvine of Lairg,"Irvine of Lairg, L.",84,Male,Labour,Life peer,Leave of absence,False,1987-03-25 00:00:00,37
Lord Jackson of Peterborough,"Jackson of Peterborough, L.",59,Male,Conservative,Life peer,Current member,True,2022-11-16 00:00:00,1
Lord James of Blackheath,"James of Blackheath, L.",86,Male,Conservative,Life peer,Current member,True,2006-06-09 00:00:00,18
Lord Jamieson,"Jamieson, L.",61,Male,Conservative,Life peer,Current member,True,2024-03-11 00:00:00,0
Baroness Janke,"Janke, B.",77,Female,Liberal Democrat,Life peer,Current member,True,2014-09-24 00:00:00,9
Lord Janvrin,"Janvrin, L.",77,Male,Crossbench,Life peer,Current member,True,2007-10-10 00:00:00,16
Lord Jay of Ewelme,"Jay of Ewelme, L.",78,Male,Crossbench,Life peer,Current member,True,2006-09-18 00:00:00,17
Baroness Jay of Paddington,"Jay of Paddington, B.",84,Female,Labour,Life peer,Current member,True,1992-07-29 00:00:00,31
Baroness Jenkin of Kennington,"Jenkin of Kennington, B.",68,Female,Conservative,Life peer,Current member,True,2011-01-26 00:00:00,13
Lord Johnson of Lainston,"Johnson of Lainston, L.",50,Male,Conservative,Life peer,Current member,True,2022-10-19 00:00:00,1
Lord Johnson of Marylebone,"Johnson of Marylebone, L.",52,Male,Conservative,Life peer,Current member,True,2020-10-12 00:00:00,3
Baroness Jolly,"Jolly, B.",73,Female,Liberal Democrat,Life peer,Current member,True,2010-12-24 00:00:00,13
Baroness Jones of Moulsecoomb,"Jones of Moulsecoomb, B.",74,Female,Green Party,Life peer,Current member,True,2013-09-20 00:00:00,10
Baroness Jones of Whitchurch,"Jones of Whitchurch, B.",69,Female,Labour,Life peer,Current member,True,2006-06-05 00:00:00,18
Lord Jones,"Jones, L.",87,Male,Labour,Life peer,Current member,True,2001-07-06 00:00:00,23
Lord Jopling,"Jopling, L.",93,Male,Conservative,Life peer,Current member,True,1997-06-05 00:00:00,27
Lord Jordan,"Jordan, L.",88,Male,Labour,Life peer,Current member,True,2000-06-05 00:00:00,24
Lord Kakkar,"Kakkar, L.",60,Male,Crossbench,Life peer,Current member,True,2010-03-22 00:00:00,14
Lord Kamall,"Kamall, L.",57,Male,Conservative,Life peer,Current member,True,2021-01-28 00:00:00,3
Lord Keen of Elie,"Keen of Elie, L.",70,Male,Conservative,Life peer,Current member,True,2015-06-08 00:00:00,9
Lord Kempsell,"Kempsell, L.",32,Male,Conservative,Life peer,Current member,True,2023-07-11 00:00:00,1
Baroness Kennedy of Cradley,"Kennedy of Cradley, B.",55,Female,Labour,Life peer,Current member,True,2013-09-19 00:00:00,10
Lord Kennedy of Southwark,"Kennedy of Southwark, L.",61,Male,Labour,Life peer,Current member,True,2010-06-21 00:00:00,14
Baroness Kennedy of The Shaws,"Kennedy of The Shaws, B.",74,Female,Labour,Life peer,Current member,True,1997-10-27 00:00:00,26
Lord Kerr of Kinlochard,"Kerr of Kinlochard, L.",82,Male,Crossbench,Life peer,Current member,True,2004-06-30 00:00:00,20
Lord Kestenbaum,"Kestenbaum, L.",64,Male,Labour,Life peer,Current member,True,2011-01-24 00:00:00,13
Lord Khan of Burnley,"Khan of Burnley, L.",44,Male,Labour,Life peer,Current member,True,2021-02-04 00:00:00,3
Baroness Kidron,"Kidron, B.",63,Female,Crossbench,Life peer,Current member,True,2012-06-25 00:00:00,12
Lord Kilclooney,"Kilclooney, L.",86,Male,Crossbench,Life peer,Current member,True,2001-07-17 00:00:00,22
Lord King of Bridgwater,"King of Bridgwater, L.",91,Male,Conservative,Life peer,Current member,True,2001-07-09 00:00:00,23
Lord King of Lothbury,"King of Lothbury, L.",76,Male,Crossbench,Life peer,Current member,True,2013-07-19 00:00:00,10
Baroness Kingsmill,"Kingsmill, B.",77,Female,Labour,Life peer,Current member,True,2006-06-01 00:00:00,18
Lord Kinnock,"Kinnock, L.",82,Male,Labour,Life peer,Current member,True,2005-01-28 00:00:00,19
The Earl of Kinnoull,"Kinnoull, E.",61,Male,Crossbench,Excepted hereditary,Current member,True,2015-02-06 00:00:00,9
Lord Kirkham,"Kirkham, L.",79,Male,Conservative,Life peer,Current member,True,1999-07-23 00:00:00,24
Lord Kirkhope of Harrogate,"Kirkhope of Harrogate, L.",79,Male,Conservative,Life peer,Current member,True,2016-10-07 00:00:00,7
Lord Knight of Weymouth,"Knight of Weymouth, L.",59,Male,Labour,Life peer,Current member,True,2010-06-23 00:00:00,14
Baroness Kramer,"Kramer, B.",73,Female,Liberal Democrat,Life peer,Current member,True,2010-12-22 00:00:00,13
Lord Krebs,"Krebs, L.",79,Male,Crossbench,Life peer,Current member,True,2007-03-28 00:00:00,17
Lord Laming,"Laming, L.",88,Male,Crossbench,Life peer,Current member,True,1998-07-27 00:00:00,25
Lord Lamont of Lerwick,"Lamont of Lerwick, L.",82,Male,Conservative,Life peer,Current member,True,1998-07-24 00:00:00,25
Baroness Lampard,"Lampard, B.",64,Female,Conservative,Life peer,Current member,True,2022-11-17 00:00:00,1
Lord Lancaster of Kimbolton,"Lancaster of Kimbolton, L.",54,Male,Conservative,Life peer,Current member,True,2020-09-16 00:00:00,3
Baroness Lane-Fox of Soho,"Lane-Fox of Soho, B.",51,Female,Crossbench,Life peer,Current member,True,2013-03-25 00:00:00,11
Lord Lansley,"Lansley, L.",67,Male,Conservative,Life peer,Current member,True,2015-10-05 00:00:00,8
Baroness Lawlor,"Lawlor, B.",70,Female,Conservative,Life peer,Current member,True,2022-11-03 00:00:00,1
Baroness Lawrence of Clarendon,"Lawrence of Clarendon, B.",71,Female,Labour,Life peer,Current member,True,2013-09-06 00:00:00,10
Lord Layard,"Layard, L.",90,Male,Labour,Life peer,Current member,True,2000-05-03 00:00:00,24
Baroness Lea of Lymm,"Lea of Lymm, B.",76,Female,Conservative,Life peer,Current member,True,2022-10-31 00:00:00,1
Lord Lebedev,"Lebedev, L.",44,Male,Crossbench,Life peer,Current member,True,2020-11-19 00:00:00,3
Lord Lee of Trafford,"Lee of Trafford, L.",82,Male,Liberal Democrat,Life peer,Current member,True,2006-05-26 00:00:00,18
The Lord Bishop of Leeds,"Leeds, Bp.",66,Male,Bishops,Bishop,Current member,True,2014-12-03 00:00:00,9
The Lord Bishop of Leicester,"Leicester, Bp.",56,Male,Bishops,Bishop,Current member,True,2022-10-06 00:00:00,1
The Earl of Leicester,"Leicester, E.",59,Male,Conservative,Excepted hereditary,Current member,True,2021-06-23 00:00:00,3
Lord Leigh of Hurley,"Leigh of Hurley, L.",65,Male,Conservative,Life peer,Current member,True,2013-09-16 00:00:00,10
Lord Leitch,"Leitch, L.",76,Male,Labour,Life peer,Leave of absence,False,2004-06-07 00:00:00,20
Lord Lennie,"Lennie, L.",71,Male,Labour,Life peer,Current member,True,2014-09-22 00:00:00,9
Lord Leong,"Leong, L.",70,Male,Labour,Life peer,Current member,True,2022-10-31 00:00:00,1
Lord Levene of Portsoken,"Levene of Portsoken, L.",82,Male,Crossbench,Life peer,Current member,True,1997-07-22 00:00:00,26
Lord Levy,"Levy, L.",79,Male,Labour,Life peer,Current member,True,1997-09-23 00:00:00,26
Lord Lexden,"Lexden, L.",79,Male,Conservative,Life peer,Current member,True,2010-12-23 00:00:00,13
The Lord Bishop of Lichfield,"Lichfield, Bp.",66,Male,Bishops,Bishop,Current member,True,2022-10-25 00:00:00,1
Baroness Liddell of Coatdyke,"Liddell of Coatdyke, B.",73,Female,Labour,Life peer,Current member,True,2010-07-07 00:00:00,14
Lord Liddle,"Liddle, L.",77,Male,Labour,Life peer,Current member,True,2010-06-19 00:00:00,14
Lord Lilley,"Lilley, L.",80,Male,Conservative,Life peer,Current member,True,2018-06-18 00:00:00,6
The Lord Bishop of Lincoln,"Lincoln, Bp.",66,Male,Bishops,Bishop,Current member,True,2023-11-15 00:00:00,0
The Earl of Lindsay,"Lindsay, E.",68,Male,Conservative,Excepted hereditary,Current member,True,1989-12-21 00:00:00,34
Lord Lingfield,"Lingfield, L.",81,Male,Conservative,Life peer,Current member,True,2010-12-17 00:00:00,13
Lord Lipsey,"Lipsey, L.",76,Male,Labour,Life peer,Current member,True,1999-07-30 00:00:00,24
Baroness Lister of Burtersett,"Lister of Burtersett, B.",75,Female,Labour,Life peer,Current member,True,2011-01-31 00:00:00,13
Lord Lisvane,"Lisvane, L.",74,Male,Crossbench,Life peer,Current member,True,2014-12-11 00:00:00,9
Lord Livermore,"Livermore, L.",49,Male,Labour,Life peer,Current member,True,2015-10-21 00:00:00,8
The Earl of Liverpool,"Liverpool, E.",79,Male,Conservative,Excepted hereditary,Current member,True,1969-10-23 00:00:00,54
Lord Livingston of Parkhead,"Livingston of Parkhead, L.",59,Male,Conservative,Life peer,Current member,True,2013-07-12 00:00:00,10
Lord Llewellyn of Steep,"Llewellyn of Steep, L.",58,Male,Conservative,Life peer,Leave of absence,False,2016-10-20 00:00:00,7
Lord Londesborough,"Londesborough, L.",65,Male,Crossbench,Excepted hereditary,Current member,True,2021-06-23 00:00:00,3
The Lord Bishop of London,"London, Bp.",62,Female,Bishops,Bishop,Current member,True,2018-04-10 00:00:00,6
Lord Loomba,"Loomba, L.",80,Male,Crossbench,Life peer,Current member,True,2011-01-12 00:00:00,13
The Marquess of Lothian,"Lothian, M.",79,Male,Conservative,Life peer,Current member,True,2010-11-22 00:00:00,13
Lord Low of Dalston,"Low of Dalston, L.",81,Male,Crossbench,Life peer,Current member,True,2006-06-13 00:00:00,18
Lord Lucas,"Lucas, L.",73,Male,Conservative,Excepted hereditary,Current member,True,1992-02-21 00:00:00,32
Baroness Ludford,"Ludford, B.",73,Female,Liberal Democrat,Life peer,Current member,True,1997-09-30 00:00:00,26
Lord Lupton,"Lupton, L.",69,Male,Non-affiliated,Life peer,Current member,True,2015-10-06 00:00:00,8
The Earl of Lytton,"Lytton, E.",74,Male,Crossbench,Excepted hereditary,Current member,True,2011-05-16 00:00:00,13
Lord Macdonald of River Glaven,"Macdonald of River Glaven, L.",71,Male,Crossbench,Life peer,Current member,True,2010-07-12 00:00:00,13
Lord Mackenzie of Framwellgate,"Mackenzie of Framwellgate, L.",81,Male,Non-affiliated,Life peer,Current member,True,1998-07-17 00:00:00,25
Lord Macpherson of Earl's Court,"Macpherson of Earl's Court, L.",64,Male,Crossbench,Life peer,Current member,True,2016-10-04 00:00:00,7
Lord Magan of Castletown,"Magan of Castletown, L.",78,Male,Conservative,Life peer,Current member,True,2011-01-25 00:00:00,13
Lord Maginnis of Drumglass,"Maginnis of Drumglass, L.",86,Male,Independent Ulster Unionist,Life peer,Suspended,False,2001-07-20 00:00:00,22
Lord Mair,"Mair, L.",74,Male,Crossbench,Life peer,Current member,True,2015-10-29 00:00:00,8
Baroness Mallalieu,"Mallalieu, B.",78,Female,Labour,Life peer,Current member,True,1991-06-19 00:00:00,33
Lord Malloch-Brown,"Malloch-Brown, L.",70,Male,Crossbench,Life peer,Leave of absence,False,2007-07-09 00:00:00,17
Lord Mance,"Mance, L.",81,Male,Crossbench,Life peer (judicial),Current member,True,2005-10-03 00:00:00,18
The Lord Bishop of Manchester,"Manchester, Bp.",67,Male,Bishops,Bishop,Current member,True,2020-07-28 00:00:00,3
Lord Mancroft,"Mancroft, L.",67,Male,Conservative,Excepted hereditary,Current member,True,1988-02-23 00:00:00,36
Lord Mandelson,"Mandelson, L.",70,Male,Labour,Life peer,Current member,True,2008-10-13 00:00:00,15
Lord Mann,"Mann, L.",64,Male,Labour,Life peer,Current member,True,2019-10-28 00:00:00,4
Baroness Manningham-Buller,"Manningham-Buller, B.",75,Female,Crossbench,Life peer,Current member,True,2008-06-02 00:00:00,16
Baroness Manzoor,"Manzoor, B.",66,Female,Conservative,Life peer,Current member,True,2013-09-06 00:00:00,10
Lord Markham,"Markham, L.",56,Male,Conservative,Life peer,Current member,True,2022-10-07 00:00:00,1
Lord Marks of Hale,"Marks of Hale, L.",57,Male,Conservative,Life peer,Current member,True,2024-03-08 00:00:00,0
Lord Marks of Henley-on-Thames,"Marks of Henley-on-Thames, L.",71,Male,Liberal Democrat,Life peer,Current member,True,2011-01-11 00:00:00,13
Lord Marland,"Marland, L.",67,Male,Conservative,Life peer,Current member,True,2006-06-08 00:00:00,18
Lord Marlesford,"Marlesford, L.",92,Male,Conservative,Life peer,Current member,True,1991-06-07 00:00:00,33
Lord Maude of Horsham,"Maude of Horsham, L.",71,Male,Conservative,Life peer,Current member,True,2015-05-26 00:00:00,9
Lord Mawson,"Mawson, L.",69,Male,Crossbench,Life peer,Current member,True,2007-03-29 00:00:00,17
Lord Maxton,"Maxton, L.",88,Male,Labour,Life peer,Current member,True,2004-06-17 00:00:00,20
Lord McColl of Dulwich,"McColl of Dulwich, L.",91,Male,Conservative,Life peer,Current member,True,1989-07-25 00:00:00,34
Lord McConnell of Glenscorrodale,"McConnell of Glenscorrodale, L.",64,Male,Labour,Life peer,Current member,True,2010-06-28 00:00:00,14
Lord McCrea of Magherafelt and Cookstown,"McCrea of Magherafelt and Cookstown, L.",75,Male,Democratic Unionist Party,Life peer,Current member,True,2018-06-19 00:00:00,6
Lord McDonald of Salford,"McDonald of Salford, L.",63,Male,Crossbench,Life peer,Current member,True,2021-01-27 00:00:00,3
Lord McFall of Alcluith,"McFall of Alcluith, L.",79,Male,Lord Speaker,Life peer,Current member,True,2010-06-17 00:00:00,14
Baroness McGregor-Smith,"McGregor-Smith, B.",61,Female,Non-affiliated,Life peer,Current member,True,2015-10-16 00:00:00,8
Lord McInnes of Kilwinning,"McInnes of Kilwinning, L.",47,Male,Conservative,Life peer,Current member,True,2016-09-01 00:00:00,7
Baroness McIntosh of Hudnall,"McIntosh of Hudnall, B.",77,Female,Labour,Life peer,Current member,True,1999-08-03 00:00:00,24
Baroness McIntosh of Pickering,"McIntosh of Pickering, B.",69,Female,Conservative,Life peer,Current member,True,2015-10-06 00:00:00,8
Lord McLoughlin,"McLoughlin, L.",66,Male,Conservative,Life peer,Current member,True,2020-09-08 00:00:00,3
Lord McNally,"McNally, L.",81,Male,Liberal Democrat,Life peer,Current member,True,1995-12-20 00:00:00,28
Lord McNicol of West Kilbride,"McNicol of West Kilbride, L.",54,Male,Labour,Life peer,Current member,True,2018-06-21 00:00:00,6
Baroness Meacher,"Meacher, B.",84,Female,Crossbench,Life peer,Current member,True,2006-06-16 00:00:00,18
Lord Mendelsohn,"Mendelsohn, L.",57,Male,Labour,Life peer,Current member,True,2013-09-05 00:00:00,10
Lord Mendoza,"Mendoza, L.",64,Male,Conservative,Life peer,Current member,True,2020-09-16 00:00:00,3
Baroness Merron,"Merron, B.",65,Female,Labour,Life peer,Current member,True,2021-01-28 00:00:00,3
Lord Meston,"Meston, L.",74,Male,Crossbench,Excepted hereditary,Current member,True,2023-09-26 00:00:00,0
Baroness Meyer,"Meyer, B.",71,Female,Conservative,Life peer,Current member,True,2018-06-19 00:00:00,6
Baroness Miller of Chilthorne Domer,"Miller of Chilthorne Domer, B.",70,Female,Liberal Democrat,Life peer,Current member,True,1998-07-28 00:00:00,25
The Earl of Minto,"Minto, E.",70,Male,Conservative,Excepted hereditary,Current member,True,2022-10-25 00:00:00,1
Lord Mitchell,"Mitchell, L.",81,Male,Labour,Life peer,Current member,True,2000-05-10 00:00:00,24
Baroness Mobarik,"Mobarik, B.",66,Female,Conservative,Life peer,Current member,True,2014-09-19 00:00:00,9
Baroness Monckton of Dallington Forest,"Monckton of Dallington Forest, B.",71,Female,Conservative,Life peer,Current member,True,2024-03-12 00:00:00,0
Baroness Mone,"Mone, B.",52,Female,Conservative,Life peer,Leave of absence,False,2015-09-30 00:00:00,8
Lord Monks,"Monks, L.",78,Male,Labour,Life peer,Current member,True,2010-07-26 00:00:00,13
The Duke of Montrose,"Montrose, D.",89,Male,Conservative,Excepted hereditary,Current member,True,1995-05-26 00:00:00,29
Lord Moore of Etchingham,"Moore of Etchingham, L.",67,Male,Non-affiliated,Life peer,Current member,True,2020-09-17 00:00:00,3
Baroness Morgan of Cotes,"Morgan of Cotes, B.",51,Female,Conservative,Life peer,Current member,True,2020-01-06 00:00:00,4
Baroness Morgan of Drefelin,"Morgan of Drefelin, B.",62,Female,Labour,Life peer,Current member,True,2004-06-11 00:00:00,20
Baroness Morgan of Ely,"Morgan of Ely, B.",57,Female,Labour,Life peer,Leave of absence,False,2011-01-24 00:00:00,13
Baroness Morgan of Huyton,"Morgan of Huyton, B.",65,Female,Labour,Life peer,Current member,True,2001-06-20 00:00:00,23
Lord Morgan,"Morgan, L.",90,Male,Labour,Life peer,Current member,True,2000-06-12 00:00:00,24
Baroness Morris of Bolton,"Morris of Bolton, B.",70,Female,Conservative,Life peer,Current member,True,2004-06-09 00:00:00,20
Baroness Morris of Yardley,"Morris of Yardley, B.",72,Female,Labour,Life peer,Current member,True,2005-06-14 00:00:00,19
Baroness Morrissey,"Morrissey, B.",58,Female,Conservative,Life peer,Current member,True,2020-09-03 00:00:00,3
Lord Morrow,"Morrow, L.",75,Male,Democratic Unionist Party,Life peer,Current member,True,2006-06-07 00:00:00,18
Lord Morse,"Morse, L.",75,Male,Crossbench,Life peer,Current member,True,2021-03-26 00:00:00,3
Lord Mott,"Mott, L.",51,Male,Conservative,Life peer,Current member,True,2023-06-19 00:00:00,1
Lord Mountevans,"Mountevans, L.",76,Male,Crossbench,Excepted hereditary,Current member,True,2015-07-08 00:00:00,9
Lord Moylan,"Moylan, L.",68,Male,Conservative,Life peer,Current member,True,2020-09-09 00:00:00,3
Lord Moynihan of Chelsea,"Moynihan of Chelsea, L.",76,Male,Conservative,Life peer,Current member,True,2024-02-06 00:00:00,0
Lord Moynihan,"Moynihan, L.",68,Male,Conservative,Excepted hereditary,Current member,True,1997-04-30 00:00:00,27
Baroness Moyo,"Moyo, B.",55,Female,Conservative,Life peer,Current member,True,2022-11-08 00:00:00,1
Lord Murphy of Torfaen,"Murphy of Torfaen, L.",75,Male,Labour,Life peer,Current member,True,2015-10-20 00:00:00,8
Baroness Murphy,"Murphy, B.",77,Female,Crossbench,Life peer,Current member,True,2004-06-17 00:00:00,20
Lord Murray of Blidworth,"Murray of Blidworth, L.",49,Male,Conservative,Life peer,Current member,True,2022-10-21 00:00:00,1
Lord Naseby,"Naseby, L.",87,Male,Conservative,Life peer,Current member,True,1997-10-28 00:00:00,26
Lord Nash,"Nash, L.",75,Male,Conservative,Life peer,Current member,True,2013-01-21 00:00:00,11
Lord Neuberger of Abbotsbury,"Neuberger of Abbotsbury, L.",76,Male,Crossbench,Life peer (judicial),Leave of absence,False,2007-01-11 00:00:00,17
Baroness Neuberger,"Neuberger, B.",74,Female,Crossbench,Life peer,Current member,True,2004-06-15 00:00:00,20
Baroness Neville-Jones,"Neville-Jones, B.",84,Female,Conservative,Life peer,Current member,True,2007-10-15 00:00:00,16
Baroness Neville-Rolfe,"Neville-Rolfe, B.",71,Female,Conservative,Life peer,Current member,True,2013-09-10 00:00:00,10
Lord Newby,"Newby, L.",71,Male,Liberal Democrat,Life peer,Current member,True,1997-09-25 00:00:00,26
The Lord Bishop of Newcastle,"Newcastle, Bp.",51,Female,Bishops,Bishop,Current member,True,2023-09-21 00:00:00,0
Baroness Newlove,"Newlove, B.",62,Female,Conservative,Life peer,Current member,True,2010-07-14 00:00:00,13
Baroness Nicholson of Winterbourne,"Nicholson of Winterbourne, B.",82,Female,Conservative,Life peer,Current member,True,1997-11-03 00:00:00,26
Baroness Noakes,"Noakes, B.",75,Female,Conservative,Life peer,Current member,True,2000-06-07 00:00:00,24
The Duke of Norfolk,"Norfolk, D.",67,Male,Crossbench,Excepted hereditary,Current member,True,2003-02-14 00:00:00,21
Lord Northbrook,"Northbrook, L.",70,Male,Conservative,Excepted hereditary,Current member,True,1991-09-23 00:00:00,32
Baroness Northover,"Northover, B.",69,Female,Liberal Democrat,Life peer,Current member,True,2000-05-01 00:00:00,24
Lord Norton of Louth,"Norton of Louth, L.",73,Male,Conservative,Life peer,Current member,True,1998-08-01 00:00:00,25
The Lord Bishop of Norwich,"Norwich, Bp.",53,Male,Bishops,Bishop,Current member,True,2023-10-17 00:00:00,0
Baroness Nye,"Nye, B.",69,Female,Labour,Life peer,Current member,True,2010-07-19 00:00:00,13
Lord Oakeshott of Seagrove Bay,"Oakeshott of Seagrove Bay, L.",77,Male,Non-affiliated,Life peer,Leave of absence,False,2000-05-01 00:00:00,24
Lord Oates,"Oates, L.",54,Male,Liberal Democrat,Life peer,Current member,True,2015-10-05 00:00:00,8
Lord O'Donnell,"O'Donnell, L.",71,Male,Crossbench,Life peer,Current member,True,2012-01-10 00:00:00,12
Lord Offord of Garvel,"Offord of Garvel, L.",59,Male,Conservative,Life peer,Current member,True,2021-10-13 00:00:00,2
Baroness O'Grady of Upper Holloway,"O'Grady of Upper Holloway, B.",64,Female,Labour,Life peer,Current member,True,2022-12-09 00:00:00,1
Baroness O'Loan,"O'Loan, B.",72,Female,Crossbench,Life peer,Current member,True,2009-09-11 00:00:00,14
Baroness O'Neill of Bengarve,"O'Neill of Bengarve, B.",82,Female,Crossbench,Life peer,Current member,True,1999-02-25 00:00:00,25
Baroness O'Neill of Bexley,"O'Neill of Bexley, B.",62,Female,Conservative,Life peer,Current member,True,2022-11-07 00:00:00,1
Lord O'Neill of Gatley,"O'Neill of Gatley, L.",67,Male,Crossbench,Life peer,Current member,True,2015-05-28 00:00:00,9
Baroness Osamor,"Osamor, B.",83,Female,Labour,Life peer,Current member,True,2018-11-26 00:00:00,5
Lord O'Shaughnessy,"O'Shaughnessy, L.",48,Male,Conservative,Life peer,Leave of absence,False,2015-10-01 00:00:00,8
Baroness Owen of Alderley Edge,"Owen of Alderley Edge, B.",31,Female,Conservative,Life peer,Current member,True,2023-07-12 00:00:00,0
Lord Owen,"Owen, L.",86,Male,Independent Social Democrat,Life peer,Current member,True,1992-06-30 00:00:00,32
The Earl of Oxford and Asquith,"Oxford and Asquith, E.",71,Male,Crossbench,Excepted hereditary,Current member,True,2014-10-24 00:00:00,9
The Lord Bishop of Oxford,"Oxford, Bp.",67,Male,Bishops,Bishop,Current member,True,2016-07-13 00:00:00,7
Lord Paddick,"Paddick, L.",66,Male,Non-affiliated,Life peer,Current member,True,2013-09-12 00:00:00,10
Lord Palmer of Childs Hill,"Palmer of Childs Hill, L.",85,Male,Liberal Democrat,Life peer,Current member,True,2011-01-17 00:00:00,13
Lord Palumbo of Southwark,"Palumbo of Southwark, L.",61,Male,Liberal Democrat,Life peer,Leave of absence,False,2013-10-02 00:00:00,10
Lord Pannick,"Pannick, L.",68,Male,Crossbench,Life peer,Current member,True,2008-11-03 00:00:00,15
Lord Parekh,"Parekh, L.",89,Male,Labour,Life peer,Current member,True,2000-05-10 00:00:00,24
Lord Parker of Minsmere,"Parker of Minsmere, L.",62,Male,Crossbench,Life peer,Current member,True,2021-01-29 00:00:00,3
Lord Parkinson of Whitley Bay,"Parkinson of Whitley Bay, L.",41,Male,Conservative,Life peer,Current member,True,2019-10-08 00:00:00,4
Baroness Parminter,"Parminter, B.",60,Female,Liberal Democrat,Life peer,Current member,True,2010-07-15 00:00:00,13
Lord Patel of Bradford,"Patel of Bradford, L.",63,Male,Non-affiliated,Life peer,Current member,True,2006-06-08 00:00:00,18
Lord Patel,"Patel, L.",86,Male,Crossbench,Life peer,Current member,True,1999-03-01 00:00:00,25
Lord Patten of Barnes,"Patten of Barnes, L.",80,Male,Conservative,Life peer,Current member,True,2005-01-11 00:00:00,19
Lord Patten,"Patten, L.",78,Male,Conservative,Life peer,Current member,True,1997-06-17 00:00:00,27
Lord Paul,"Paul, L.",93,Male,Non-affiliated,Life peer,Current member,True,1996-10-09 00:00:00,27
Lord Peach,"Peach, L.",68,Male,Crossbench,Life peer,Current member,True,2022-11-21 00:00:00,1
Lord Pearson of Rannoch,"Pearson of Rannoch, L.",81,Male,Non-affiliated,Life peer,Current member,True,1990-06-18 00:00:00,34
Earl Peel,"Peel, E.",76,Male,Crossbench,Excepted hereditary,Current member,True,1973-05-15 00:00:00,51
Baroness Penn,"Penn, B.",39,Female,Conservative,Life peer,Current member,True,2019-10-10 00:00:00,4
Lord Petitgas,"Petitgas, L.",63,Male,Conservative,Life peer,Current member,True,2024-03-07 00:00:00,0
Lord Phillips of Worth Matravers,"Phillips of Worth Matravers, L.",87,Male,Crossbench,Life peer (judicial),Leave of absence,False,1999-01-12 00:00:00,25
Lord Pickles,"Pickles, L.",72,Male,Conservative,Life peer,Current member,True,2018-06-18 00:00:00,6
Baroness Pidding,"Pidding, B.",58,Female,Conservative,Life peer,Current member,True,2015-10-08 00:00:00,8
Baroness Pinnock,"Pinnock, B.",77,Female,Liberal Democrat,Life peer,Current member,True,2014-09-23 00:00:00,9
Baroness Pitkeathley,"Pitkeathley, B.",84,Female,Labour,Life peer,Current member,True,1997-10-06 00:00:00,26
Lord Polak,"Polak, L.",63,Male,Conservative,Life peer,Current member,True,2015-10-02 00:00:00,8
Lord Ponsonby of Shulbrede,"Ponsonby of Shulbrede, L.",65,Male,Labour,Life peer,Current member,True,2000-04-19 00:00:00,24
Lord Popat,"Popat, L.",71,Male,Conservative,Life peer,Current member,True,2010-07-10 00:00:00,14
Baroness Porter of Fulwood,"Porter of Fulwood, B.",42,Female,Conservative,Life peer,Current member,True,2024-02-13 00:00:00,0
Lord Porter of Spalding,"Porter of Spalding, L.",63,Male,Conservative,Life peer,Current member,True,2015-10-15 00:00:00,8
Lord Powell of Bayswater,"Powell of Bayswater, L.",83,Male,Crossbench,Life peer,Current member,True,2000-02-15 00:00:00,24
Baroness Prashar,"Prashar, B.",76,Female,Crossbench,Life peer,Current member,True,1999-07-15 00:00:00,24
Lord Prentis of Leeds,"Prentis of Leeds, L.",76,Male,Labour,Life peer,Current member,True,2022-11-18 00:00:00,1
Lord Price,"Price, L.",63,Male,Conservative,Life peer,Current member,True,2016-02-29 00:00:00,8
Baroness Primarolo,"Primarolo, B.",70,Female,Labour,Life peer,Current member,True,2015-10-26 00:00:00,8
Lord Prior of Brampton,"Prior of Brampton, L.",69,Male,Non-affiliated,Life peer,Leave of absence,False,2015-05-29 00:00:00,9
Baroness Prosser,"Prosser, B.",86,Female,Labour,Life peer,Current member,True,2004-06-11 00:00:00,20
Lord Purvis of Tweed,"Purvis of Tweed, L.",50,Male,Liberal Democrat,Life peer,Current member,True,2013-09-13 00:00:00,10
Baroness Quin,"Quin, B.",79,Female,Labour,Life peer,Current member,True,2006-05-30 00:00:00,18
Baroness Ramsay of Cartvale,"Ramsay of Cartvale, B.",87,Female,Labour,Life peer,Current member,True,1996-10-11 00:00:00,27
Baroness Ramsey of Wall Heath,"Ramsey of Wall Heath, B.",63,Female,Labour,Life peer,Current member,True,2024-03-13 00:00:00,0
Lord Randall of Uxbridge,"Randall of Uxbridge, L.",68,Male,Conservative,Life peer,Current member,True,2018-06-25 00:00:00,6
Baroness Randerson,"Randerson, B.",76,Female,Liberal Democrat,Life peer,Current member,True,2011-01-27 00:00:00,13
Lord Ranger of Northwood,"Ranger of Northwood, L.",49,Male,Non-affiliated,Life peer,Current member,True,2023-07-11 00:00:00,1
Lord Ranger,"Ranger, L.",76,Male,Conservative,Life peer,Current member,True,2019-10-11 00:00:00,4
Lord Ravensdale,"Ravensdale, L.",41,Male,Crossbench,Excepted hereditary,Current member,True,2019-04-03 00:00:00,5
Baroness Rawlings,"Rawlings, B.",85,Female,Conservative,Life peer,Current member,True,1994-10-05 00:00:00,29
Lord Razzall,"Razzall, L.",81,Male,Liberal Democrat,Life peer,Current member,True,1997-10-22 00:00:00,26
Lord Reay,"Reay, L.",59,Male,Conservative,Excepted hereditary,Current member,True,2019-01-28 00:00:00,5
Baroness Rebuck,"Rebuck, B.",72,Female,Labour,Life peer,Current member,True,2014-09-18 00:00:00,9
Lord Redesdale,"Redesdale, L.",56,Male,Liberal Democrat,Life peer,Current member,True,2000-04-18 00:00:00,24
Baroness Redfern,"Redfern, B.",76,Female,Conservative,Life peer,Current member,True,2015-10-07 00:00:00,8
Lord Reed of Allermuir,"Reed of Allermuir, L.",67,Male,Crossbench,Life peer,Disqualified,False,2020-01-11 00:00:00,4
Lord Rees of Ludlow,"Rees of Ludlow, L.",82,Male,Crossbench,Life peer,Current member,True,2005-09-06 00:00:00,18
Lord Reid of Cardowan,"Reid of Cardowan, L.",77,Male,Labour,Life peer,Current member,True,2010-07-16 00:00:00,13
Lord Remnant,"Remnant, L.",69,Male,Conservative,Excepted hereditary,Current member,True,2022-07-11 00:00:00,2
Lord Rennard,"Rennard, L.",64,Male,Liberal Democrat,Life peer,Current member,True,1999-07-21 00:00:00,24
Lord Richards of Herstmonceux,"Richards of Herstmonceux, L.",72,Male,Crossbench,Life peer,Current member,True,2014-02-24 00:00:00,10
Lord Ricketts,"Ricketts, L.",71,Male,Crossbench,Life peer,Current member,True,2016-10-17 00:00:00,7
Lord Risby,"Risby, L.",77,Male,Conservative,Life peer,Current member,True,2010-12-24 00:00:00,13
Baroness Ritchie of Downpatrick,"Ritchie of Downpatrick, B.",66,Female,Labour,Life peer,Current member,True,2019-10-16 00:00:00,4
Lord Robathan,"Robathan, L.",72,Male,Conservative,Life peer,Current member,True,2015-10-13 00:00:00,8
Lord Roberts of Belgravia,"Roberts of Belgravia, L.",61,Male,Conservative,Life peer,Current member,True,2022-11-01 00:00:00,1
Lord Roberts of Llandudno,"Roberts of Llandudno, L.",88,Male,Liberal Democrat,Life peer,Current member,True,2004-06-15 00:00:00,20
Lord Robertson of Port Ellen,"Robertson of Port Ellen, L.",78,Male,Labour,Life peer,Current member,True,1999-08-24 00:00:00,24
Lord Roborough,"Roborough, L.",54,Male,Conservative,Excepted hereditary,Current member,True,2022-10-25 00:00:00,1
Baroness Rock,"Rock, B.",55,Female,Conservative,Life peer,Current member,True,2015-10-15 00:00:00,8
Lord Rogan,"Rogan, L.",82,Male,Ulster Unionist Party,Life peer,Current member,True,1999-07-16 00:00:00,24
Lord Rooker,"Rooker, L.",83,Male,Labour,Life peer,Current member,True,2001-06-16 00:00:00,23
Lord Rose of Monewden,"Rose of Monewden, L.",75,Male,Conservative,Life peer,Current member,True,2014-09-17 00:00:00,9
Lord Rosenfield,"Rosenfield, L.",47,Male,Non-affiliated,Life peer,Current member,True,2023-07-13 00:00:00,0
The Earl of Rosslyn,"Rosslyn, E.",66,Male,Crossbench,Excepted hereditary,Current member,True,1979-12-17 00:00:00,44
Lord Rowlands,"Rowlands, L.",84,Male,Labour,Life peer,Current member,True,2004-06-28 00:00:00,20
Baroness Royall of Blaisdon,"Royall of Blaisdon, B.",68,Female,Labour,Life peer,Current member,True,2004-06-25 00:00:00,20
Lord Russell of Liverpool,"Russell of Liverpool, L.",71,Male,Crossbench,Excepted hereditary,Current member,True,2014-12-11 00:00:00,9
Earl Russell,"Russell, E.",52,Male,Liberal Democrat,Excepted hereditary,Current member,True,2023-06-19 00:00:00,1
Lord Saatchi,"Saatchi, L.",78,Male,Conservative,Life peer,Current member,True,1996-10-04 00:00:00,27
Lord Sahota,"Sahota, L.",73,Male,Labour,Life peer,Current member,True,2022-11-02 00:00:00,1
Baroness Sanderson of Welton,"Sanderson of Welton, B.",53,Female,Conservative,Life peer,Current member,True,2019-10-08 00:00:00,4
Lord Sandhurst,"Sandhurst, L.",75,Male,Conservative,Excepted hereditary,Current member,True,2021-06-23 00:00:00,3
Lord Sarfraz,"Sarfraz, L.",42,Male,Conservative,Life peer,Current member,True,2020-09-08 00:00:00,3
Lord Sassoon,"Sassoon, L.",68,Male,Conservative,Life peer,Current member,True,2010-05-29 00:00:00,14
Baroness Sater,"Sater, B.",61,Female,Conservative,Life peer,Current member,True,2018-06-20 00:00:00,6
Lord Sawyer,"Sawyer, L.",81,Male,Labour,Life peer,Current member,True,1998-08-04 00:00:00,25
Baroness Scotland of Asthal,"Scotland of Asthal, B.",68,Female,Labour,Life peer,Leave of absence,False,1997-10-30 00:00:00,26
Baroness Scott of Bybrook,"Scott of Bybrook, B.",77,Female,Conservative,Life peer,Current member,True,2015-10-08 00:00:00,8
Baroness Scott of Needham Market,"Scott of Needham Market, B.",66,Female,Liberal Democrat,Life peer,Current member,True,2000-05-11 00:00:00,24
Lord Scriven,"Scriven, L.",58,Male,Liberal Democrat,Life peer,Current member,True,2014-09-19 00:00:00,9
Baroness Seccombe,"Seccombe, B.",94,Female,Conservative,Life peer,Current member,True,1991-02-14 00:00:00,33
Lord Sedwill,"Sedwill, L.",59,Male,Crossbench,Life peer,Current member,True,2020-09-11 00:00:00,3
Lord Sentamu,"Sentamu, L.",75,Male,Crossbench,Life peer,Current member,True,2021-04-27 00:00:00,3
Lord Sewell of Sanderstead,"Sewell of Sanderstead, L.",64,Male,Conservative,Life peer,Current member,True,2022-12-16 00:00:00,1
Baroness Shackleton of Belgravia,"Shackleton of Belgravia, B.",68,Female,Conservative,Life peer,Current member,True,2010-12-21 00:00:00,13
Baroness Shafik,"Shafik, B.",61,Female,Crossbench,Life peer,Leave of absence,False,2020-09-30 00:00:00,3
Lord Shamash,"Shamash, L.",77,Male,Labour,Life peer,Current member,True,2024-03-06 00:00:00,0
Lord Sharkey,"Sharkey, L.",76,Male,Liberal Democrat,Life peer,Current member,True,2010-12-20 00:00:00,13
Lord Sharpe of Epsom,"Sharpe of Epsom, L.",62,Male,Conservative,Life peer,Current member,True,2020-09-15 00:00:00,3
Baroness Sheehan,"Sheehan, B.",64,Female,Liberal Democrat,Life peer,Current member,True,2015-10-02 00:00:00,8
The Lord Bishop of Sheffield,"Sheffield, Bp.",62,Male,Bishops,Bishop,Current member,True,2023-01-17 00:00:00,1
Baroness Shephard of Northwold,"Shephard of Northwold, B.",84,Female,Conservative,Life peer,Current member,True,2005-06-21 00:00:00,19
Lord Sherbourne of Didsbury,"Sherbourne of Didsbury, L.",78,Male,Conservative,Life peer,Current member,True,2013-09-12 00:00:00,10
Baroness Sherlock,"Sherlock, B.",63,Female,Labour,Life peer,Current member,True,2010-06-17 00:00:00,14
Baroness Shields,"Shields, B.",61,Female,Conservative,Life peer,Current member,True,2014-09-16 00:00:00,9
Lord Shinkwin,"Shinkwin, L.",53,Male,Conservative,Life peer,Current member,True,2015-10-14 00:00:00,8
Lord Shipley,"Shipley, L.",78,Male,Liberal Democrat,Life peer,Current member,True,2010-07-14 00:00:00,13
The Earl of Shrewsbury,"Shrewsbury, E.",71,Male,Conservative,Excepted hereditary,Current member,True,1981-02-16 00:00:00,43
Lord Sikka,"Sikka, L.",72,Male,Labour,Life peer,Current member,True,2020-09-10 00:00:00,3
Lord Singh of Wimbledon,"Singh of Wimbledon, L.",91,Male,Crossbench,Life peer,Current member,True,2011-10-12 00:00:00,12
Lord Skidelsky,"Skidelsky, L.",85,Male,Crossbench,Life peer,Current member,True,1991-07-15 00:00:00,32
Baroness Smith of Basildon,"Smith of Basildon, B.",65,Female,Labour,Life peer,Current member,True,2010-07-07 00:00:00,14
Lord Smith of Finsbury,"Smith of Finsbury, L.",72,Male,Non-affiliated,Life peer,Current member,True,2005-06-22 00:00:00,19
Baroness Smith of Gilmorehill,"Smith of Gilmorehill, B.",84,Female,Labour,Life peer,Current member,True,1995-02-17 00:00:00,29
Lord Smith of Hindhead,"Smith of Hindhead, L.",58,Male,Conservative,Life peer,Current member,True,2015-09-29 00:00:00,8
Lord Smith of Kelvin,"Smith of Kelvin, L.",79,Male,Crossbench,Life peer,Current member,True,2008-05-29 00:00:00,16
Baroness Smith of Llanfaes,"Smith of Llanfaes, B.",28,Female,Plaid Cymru,Life peer,Current member,True,2024-03-13 00:00:00,0
Baroness Smith of Newnham,"Smith of Newnham, B.",55,Female,Liberal Democrat,Life peer,Current member,True,2014-09-12 00:00:00,9
Lord Snape,"Snape, L.",82,Male,Labour,Life peer,Current member,True,2004-06-09 00:00:00,20
Lord Soames of Fletching,"Soames of Fletching, L.",76,Male,Conservative,Life peer,Current member,True,2022-10-28 00:00:00,1
The Duke of Somerset,"Somerset, D.",71,Male,Crossbench,Excepted hereditary,Current member,True,2014-12-12 00:00:00,9
The Lord Bishop of Southwark,"Southwark, Bp.",67,Male,Bishops,Bishop,Current member,True,2014-11-11 00:00:00,9
The Lord Bishop of Southwell and Nottingham,"Southwell and Nottingham, Bp.",56,Male,Bishops,Bishop,Current member,True,2022-04-19 00:00:00,2
Lord Spencer of Alresford,"Spencer of Alresford, L.",69,Male,Conservative,Life peer,Current member,True,2020-09-17 00:00:00,3
The Lord Bishop of St Albans,"St Albans, Bp.",67,Male,Bishops,Bishop,Current member,True,2013-10-03 00:00:00,10
The Lord Bishop of St Edmundsbury and Ipswich,"St Edmundsbury and Ipswich, Bp.",70,Male,Bishops,Bishop,Current member,True,2022-01-17 00:00:00,2
Lord St John of Bletso,"St John of Bletso, L.",67,Male,Crossbench,Excepted hereditary,Current member,True,1978-06-08 00:00:00,46
The Earl of Stair,"Stair, E.",62,Male,Crossbench,Excepted hereditary,Current member,True,2008-05-29 00:00:00,16
Viscount Stansgate,"Stansgate, V.",72,Male,Labour,Excepted hereditary,Current member,True,2021-07-15 00:00:00,2
Baroness Stedman-Scott,"Stedman-Scott, B.",68,Female,Conservative,Life peer,Current member,True,2010-07-12 00:00:00,13
Lord Stephen,"Stephen, L.",64,Male,Liberal Democrat,Life peer,Current member,True,2011-02-02 00:00:00,13
Lord Sterling of Plaistow,"Sterling of Plaistow, L.",89,Male,Conservative,Life peer,Current member,True,1991-01-17 00:00:00,33
Lord Stern of Brentford,"Stern of Brentford, L.",78,Male,Crossbench,Life peer,Current member,True,2007-12-10 00:00:00,16
Baroness Stern,"Stern, B.",82,Female,Crossbench,Life peer,Current member,True,1999-07-13 00:00:00,24
Lord Stevens of Birmingham,"Stevens of Birmingham, L.",57,Male,Crossbench,Life peer,Current member,True,2021-07-05 00:00:00,3
Lord Stevens of Kirkwhelpington,"Stevens of Kirkwhelpington, L.",81,Male,Crossbench,Life peer,Current member,True,2005-04-06 00:00:00,19
Lord Stevens of Ludgate,"Stevens of Ludgate, L.",88,Male,Conservative Independent,Life peer,Current member,True,1987-03-27 00:00:00,37
Lord Stevenson of Balmacara,"Stevenson of Balmacara, L.",77,Male,Labour,Life peer,Current member,True,2010-07-13 00:00:00,13
Lord Stewart of Dirleton,"Stewart of Dirleton, L.",58,Male,Conservative,Life peer,Current member,True,2020-11-06 00:00:00,3
Lord Stirrup,"Stirrup, L.",74,Male,Crossbench,Life peer,Current member,True,2011-01-28 00:00:00,13
Lord Stone of Blackheath,"Stone of Blackheath, L.",81,Male,Non-affiliated,Life peer,Current member,True,1997-10-29 00:00:00,26
Lord Stoneham of Droxford,"Stoneham of Droxford, L.",75,Male,Liberal Democrat,Life peer,Current member,True,2011-01-17 00:00:00,13
Lord Storey,"Storey, L.",75,Male,Liberal Democrat,Life peer,Current member,True,2011-02-02 00:00:00,13
Baroness Stowell of Beeston,"Stowell of Beeston, B.",57,Female,Conservative,Life peer,Current member,True,2011-01-10 00:00:00,13
Lord Strasburger,"Strasburger, L.",77,Male,Liberal Democrat,Life peer,Current member,True,2011-01-10 00:00:00,13
Lord Strathcarron,"Strathcarron, L.",75,Male,Conservative,Excepted hereditary,Current member,True,2022-02-18 00:00:00,2
Lord Strathclyde,"Strathclyde, L.",64,Male,Conservative,Excepted hereditary,Current member,True,1986-03-18 00:00:00,38
Baroness Stroud,"Stroud, B.",59,Female,Conservative,Life peer,Current member,True,2015-10-01 00:00:00,8
Baroness Stuart of Edgbaston,"Stuart of Edgbaston, B.",68,Female,Crossbench,Life peer,Current member,True,2020-09-07 00:00:00,3
Lord Sugar,"Sugar, L.",77,Male,Crossbench,Life peer,Current member,True,2009-07-20 00:00:00,14
Baroness Sugg,"Sugg, B.",47,Female,Conservative,Life peer,Current member,True,2016-08-30 00:00:00,7
Lord Suri,"Suri, L.",89,Male,Conservative,Life peer,Current member,True,2014-09-11 00:00:00,9
Baroness Suttie,"Suttie, B.",55,Female,Liberal Democrat,Life peer,Current member,True,2013-09-17 00:00:00,10
Baroness Swinburne,"Swinburne, B.",57,Female,Conservative,Life peer,Current member,True,2023-06-20 00:00:00,1
Lord Swire,"Swire, L.",64,Male,Conservative,Life peer,Current member,True,2022-11-01 00:00:00,1
Baroness Symons of Vernham Dean,"Symons of Vernham Dean, B.",73,Female,Labour,Life peer,Current member,True,1996-10-07 00:00:00,27
Lord Tarassenko,"Tarassenko, L.",67,Male,Crossbench,Life peer,Current member,True,2024-06-10 00:00:00,0
Lord Taverne,"Taverne, L.",95,Male,Liberal Democrat,Life peer,Current member,True,1996-02-05 00:00:00,28
Baroness Taylor of Bolton,"Taylor of Bolton, B.",77,Female,Labour,Life peer,Current member,True,2005-06-13 00:00:00,19
Lord Taylor of Goss Moor,"Taylor of Goss Moor, L.",61,Male,Liberal Democrat,Life peer,Current member,True,2010-07-16 00:00:00,13
Lord Taylor of Holbeach,"Taylor of Holbeach, L.",80,Male,Conservative,Life peer,Current member,True,2006-05-31 00:00:00,18
Baroness Taylor of Stevenage,"Taylor of Stevenage, B.",68,Female,Labour,Life peer,Current member,True,2022-10-28 00:00:00,1
Lord Taylor of Warwick,"Taylor of Warwick, L.",71,Male,Non-affiliated,Life peer,Current member,True,1996-10-02 00:00:00,27
Lord Teverson,"Teverson, L.",72,Male,Liberal Democrat,Life peer,Current member,True,2006-06-01 00:00:00,18
Lord Thomas of Cwmgiedd,"Thomas of Cwmgiedd, L.",76,Male,Crossbench,Life peer,Current member,True,2013-10-04 00:00:00,10
Lord Thomas of Gresford,"Thomas of Gresford, L.",87,Male,Liberal Democrat,Life peer,Current member,True,1996-09-30 00:00:00,27
Baroness Thomas of Winchester,"Thomas of Winchester, B.",78,Female,Liberal Democrat,Life peer,Current member,True,2006-05-26 00:00:00,18
Baroness Thornhill,"Thornhill, B.",69,Female,Liberal Democrat,Life peer,Current member,True,2015-10-21 00:00:00,8
Baroness Thornton,"Thornton, B.",71,Female,Labour,Life peer,Current member,True,1998-07-23 00:00:00,25
Lord Thurlow,"Thurlow, L.",72,Male,Crossbench,Excepted hereditary,Current member,True,2015-02-06 00:00:00,9
Viscount Thurso,"Thurso, V.",70,Male,Liberal Democrat,Excepted hereditary,Current member,True,2016-04-20 00:00:00,8
Lord Tope,"Tope, L.",80,Male,Liberal Democrat,Life peer,Current member,True,1994-10-04 00:00:00,29
Lord Touhig,"Touhig, L.",76,Male,Labour,Life peer,Current member,True,2010-06-28 00:00:00,14
Lord Trees,"Trees, L.",78,Male,Crossbench,Life peer,Current member,True,2012-07-03 00:00:00,12
Lord Trefgarne,"Trefgarne, L.",83,Male,Conservative,Excepted hereditary,Current member,True,1962-06-29 00:00:00,62
Viscount Trenchard,"Trenchard, V.",73,Male,Conservative,Excepted hereditary,Current member,True,2004-05-17 00:00:00,20
Lord Trevethin and Oaksey,"Trevethin and Oaksey, L.",64,Male,Crossbench,Excepted hereditary,Current member,True,2015-10-22 00:00:00,8
Lord Triesman,"Triesman, L.",80,Male,Labour,Life peer,Current member,True,2004-01-09 00:00:00,20
Lord True,"True, L.",72,Male,Conservative,Life peer,Current member,True,2010-12-23 00:00:00,13
Lord Truscott,"Truscott, L.",65,Male,Non-affiliated,Life peer,Current member,True,2004-06-10 00:00:00,20
Lord Tugendhat,"Tugendhat, L.",87,Male,Conservative,Life peer,Current member,True,1993-10-15 00:00:00,30
Lord Tunnicliffe,"Tunnicliffe, L.",81,Male,Labour,Life peer,Current member,True,2004-06-02 00:00:00,20
Lord Turnberg,"Turnberg, L.",90,Male,Labour,Life peer,Current member,True,2000-05-04 00:00:00,24
Lord Turnbull,"Turnbull, L.",79,Male,Crossbench,Life peer,Current member,True,2005-10-11 00:00:00,18
Lord Turner of Ecchinswell,"Turner of Ecchinswell, L.",68,Male,Crossbench,Life peer,Current member,True,2005-09-07 00:00:00,18
Baroness Twycross,"Twycross, B.",55,Female,Labour,Life peer,Current member,True,2022-11-07 00:00:00,1
Baroness Tyler of Enfield,"Tyler of Enfield, B.",67,Female,Liberal Democrat,Life peer,Current member,True,2011-01-28 00:00:00,13
Lord Tyrie,"Tyrie, L.",67,Male,Non-affiliated,Life peer,Current member,True,2018-06-12 00:00:00,6
Baroness Uddin,"Uddin, B.",64,Female,Non-affiliated,Life peer,Current member,True,1998-07-18 00:00:00,25
Lord Udny-Lister,"Udny-Lister, L.",74,Male,Conservative,Life peer,Current member,True,2020-11-06 00:00:00,3
Baroness Vadera,"Vadera, B.",62,Female,Non-affiliated,Life peer,Leave of absence,False,2007-07-11 00:00:00,17
Lord Vaizey of Didcot,"Vaizey of Didcot, L.",56,Male,Conservative,Life peer,Current member,True,2020-09-01 00:00:00,3
Baroness Valentine,"Valentine, B.",65,Female,Crossbench,Life peer,Current member,True,2005-10-10 00:00:00,18
Lord Vaux of Harrowden,"Vaux of Harrowden, L.",59,Male,Crossbench,Excepted hereditary,Current member,True,2017-08-11 00:00:00,6
Lord Verdirame,"Verdirame, L.",52,Male,Non-affiliated,Life peer,Current member,True,2022-11-02 00:00:00,1
Baroness Vere of Norbiton,"Vere of Norbiton, B.",55,Female,Conservative,Life peer,Current member,True,2016-08-30 00:00:00,7
Lord Verjee,"Verjee, L.",67,Male,Liberal Democrat,Life peer,Current member,True,2013-09-17 00:00:00,10
Baroness Verma,"Verma, B.",65,Female,Conservative,Life peer,Current member,True,2006-06-02 00:00:00,18
Lord Wakeham,"Wakeham, L.",92,Male,Conservative,Life peer,Current member,True,1992-04-24 00:00:00,32
Lord Waldegrave of North Hill,"Waldegrave of North Hill, L.",77,Male,Conservative,Life peer,Current member,True,1999-07-28 00:00:00,24
Lord Walker of Aldringham,"Walker of Aldringham, L.",80,Male,Crossbench,Life peer,Current member,True,2006-12-19 00:00:00,17
Lord Wallace of Saltaire,"Wallace of Saltaire, L.",83,Male,Liberal Democrat,Life peer,Current member,True,1995-12-19 00:00:00,28
Lord Wallace of Tankerness,"Wallace of Tankerness, L.",69,Male,Liberal Democrat,Life peer,Current member,True,2007-10-17 00:00:00,16
Baroness Walmsley,"Walmsley, B.",80,Female,Liberal Democrat,Life peer,Current member,True,2000-05-15 00:00:00,24
Lord Walney,"Walney, L.",44,Male,Crossbench,Life peer,Current member,True,2020-09-04 00:00:00,3
Lord Warner,"Warner, L.",83,Male,Crossbench,Life peer,Current member,True,1998-07-29 00:00:00,25
Baroness Warsi,"Warsi, B.",53,Female,Conservative,Life peer,Current member,True,2007-10-11 00:00:00,16
Baroness Warwick of Undercliffe,"Warwick of Undercliffe, B.",78,Female,Labour,Life peer,Current member,True,1999-07-10 00:00:00,25
Lord Wasserman,"Wasserman, L.",85,Male,Conservative,Life peer,Current member,True,2011-01-11 00:00:00,13
Baroness Watkins of Tavistock,"Watkins of Tavistock, B.",69,Female,Crossbench,Life peer,Current member,True,2015-11-02 00:00:00,8
Lord Watson of Invergowrie,"Watson of Invergowrie, L.",75,Male,Labour,Life peer,Current member,True,1997-11-06 00:00:00,26
Lord Watson of Wyre Forest,"Watson of Wyre Forest, L.",57,Male,Labour,Life peer,Current member,True,2022-11-21 00:00:00,1
Lord Watts,"Watts, L.",72,Male,Labour,Life peer,Current member,True,2015-10-23 00:00:00,8
Viscount Waverley,"Waverley, V.",74,Male,Crossbench,Excepted hereditary,Current member,True,1990-06-29 00:00:00,34
Lord Wei,"Wei, L.",47,Male,Conservative,Life peer,Current member,True,2010-05-28 00:00:00,14
Lord Weir of Ballyholme,"Weir of Ballyholme, L.",55,Male,Democratic Unionist Party,Life peer,Current member,True,2022-11-16 00:00:00,1
The Duke of Wellington,"Wellington, D.",78,Male,Crossbench,Excepted hereditary,Current member,True,2015-09-17 00:00:00,8
Lord West of Spithead,"West of Spithead, L.",76,Male,Labour,Life peer,Current member,True,2007-07-09 00:00:00,17
Lord Wharton of Yarm,"Wharton of Yarm, L.",40,Male,Conservative,Life peer,Current member,True,2020-09-02 00:00:00,3
Baroness Wheatcroft,"Wheatcroft, B.",72,Female,Crossbench,Life peer,Current member,True,2010-12-22 00:00:00,13
Baroness Wheeler,"Wheeler, B.",75,Female,Labour,Life peer,Current member,True,2010-06-20 00:00:00,14
Baroness Whitaker,"Whitaker, B.",88,Female,Labour,Life peer,Current member,True,1999-08-05 00:00:00,24
Lord Whitby,"Whitby, L.",76,Male,Conservative,Life peer,Current member,True,2013-09-10 00:00:00,10
Lord Whitty,"Whitty, L.",81,Male,Labour,Life peer,Current member,True,1996-10-21 00:00:00,27
Lord Wigley,"Wigley, L.",81,Male,Plaid Cymru,Life peer,Current member,True,2011-01-19 00:00:00,13
Baroness Wilcox of Newport,"Wilcox of Newport, B.",67,Female,Labour,Life peer,Current member,True,2019-10-14 00:00:00,4
Lord Willetts,"Willetts, L.",68,Male,Conservative,Life peer,Current member,True,2015-10-16 00:00:00,8
Baroness Williams of Trafford,"Williams of Trafford, B.",57,Female,Conservative,Life peer,Current member,True,2013-09-20 00:00:00,10
Lord Willis of Knaresborough,"Willis of Knaresborough, L.",82,Male,Liberal Democrat,Life peer,Current member,True,2010-06-18 00:00:00,14
Baroness Willis of Summertown,"Willis of Summertown, B.",60,Female,Crossbench,Life peer,Current member,True,2022-07-08 00:00:00,2
Lord Wills,"Wills, L.",72,Male,Labour,Life peer,Current member,True,2010-07-10 00:00:00,14
Lord Wilson of Dinton,"Wilson of Dinton, L.",81,Male,Crossbench,Life peer,Current member,True,2002-11-18 00:00:00,21
The Lord Bishop of Winchester,"Winchester, Bp.",64,Male,Bishops,Bishop,Current member,True,2023-11-15 00:00:00,0
Lord Winston,"Winston, L.",83,Male,Labour,Life peer,Current member,True,1995-12-18 00:00:00,28
Baroness Wolf of Dulwich,"Wolf of Dulwich, B.",74,Female,Crossbench,Life peer,Current member,True,2014-12-02 00:00:00,9
Lord Wolfson of Aspley Guise,"Wolfson of Aspley Guise, L.",56,Male,Conservative,Life peer,Current member,True,2010-06-18 00:00:00,14
Lord Wolfson of Tredegar,"Wolfson of Tredegar, L.",55,Male,Conservative,Life peer,Current member,True,2020-12-30 00:00:00,3
Lord Wood of Anfield,"Wood of Anfield, L.",56,Male,Labour,Life peer,Current member,True,2011-01-15 00:00:00,13
Lord Woodley,"Woodley, L.",76,Male,Labour,Life peer,Current member,True,2020-11-02 00:00:00,3
Lord Woolf,"Woolf, L.",91,Male,Crossbench,Life peer (judicial),Current member,True,1992-10-01 00:00:00,31
Lord Woolley of Woodford,"Woolley of Woodford, L.",62,Male,Crossbench,Life peer,Current member,True,2019-10-14 00:00:00,4
The Lord Bishop of Worcester,"Worcester, Bp.",69,Male,Bishops,Bishop,Current member,True,2012-05-09 00:00:00,12
Baroness Worthington,"Worthington, B.",52,Female,Crossbench,Life peer,Leave of absence,False,2011-01-31 00:00:00,13
Lord Wrigglesworth,"Wrigglesworth, L.",84,Male,Liberal Democrat,Life peer,Current member,True,2013-09-05 00:00:00,10
Lord Wrottesley,"Wrottesley, L.",55,Male,Conservative,Excepted hereditary,Current member,True,2022-07-11 00:00:00,2
Baroness Wyld,"Wyld, B.",46,Female,Conservative,Life peer,Current member,True,2017-06-22 00:00:00,7
The Lord Archbishop of York,"York, Abp.",65,Male,Bishops,Bishop,Current member,True,2020-07-28 00:00:00,3
Lord Young of Cookham,"Young of Cookham, L.",82,Male,Conservative,Life peer,Current member,True,2015-09-29 00:00:00,8
Baroness Young of Hornsey,"Young of Hornsey, B.",73,Female,Crossbench,Life peer,Current member,True,2004-06-22 00:00:00,20
Lord Young of Norwood Green,"Young of Norwood Green, L.",82,Male,Labour,Life peer,Current member,True,2004-06-25 00:00:00,20
Baroness Young of Old Scone,"Young of Old Scone, B.",76,Female,Labour,Life peer,Current member,True,1997-11-04 00:00:00,26
Lord Young of Old Windsor,"Young of Old Windsor, L.",57,Male,Crossbench,Life peer,Current member,True,2023-06-13 00:00:00,1
Viscount Younger of Leckie,"Younger of Leckie, V.",68,Male,Conservative,Excepted hereditary,Current member,True,2010-06-28 00:00:00,14
